-- phpMyAdmin SQL Dump
-- version 4.8.0.1
-- https://www.phpmyadmin.net/
--
-- Host: 127.0.0.1
-- Generation Time: 03-Jun-2018 às 22:11
-- Versão do servidor: 10.1.32-MariaDB
-- PHP Version: 7.2.5

SET SQL_MODE = "NO_AUTO_VALUE_ON_ZERO";
SET AUTOCOMMIT = 0;
START TRANSACTION;
SET time_zone = "+00:00";


/*!40101 SET @OLD_CHARACTER_SET_CLIENT=@@CHARACTER_SET_CLIENT */;
/*!40101 SET @OLD_CHARACTER_SET_RESULTS=@@CHARACTER_SET_RESULTS */;
/*!40101 SET @OLD_COLLATION_CONNECTION=@@COLLATION_CONNECTION */;
/*!40101 SET NAMES utf8mb4 */;

--
-- Database: `genesisc_cursos`
--

-- --------------------------------------------------------

--
-- Estrutura da tabela `atividade`
--

CREATE TABLE `atividade` (
  `id` int(3) NOT NULL,
  `nome` varchar(255) NOT NULL,
  `data_inicio` date NOT NULL,
  `inscricao_inicio` date NOT NULL,
  `inscricao_termino` date NOT NULL,
  `qtd_curso` int(1) NOT NULL
) ENGINE=InnoDB DEFAULT CHARSET=latin1;

--
-- Extraindo dados da tabela `atividade`
--

INSERT INTO `atividade` (`id`, `nome`, `data_inicio`, `inscricao_inicio`, `inscricao_termino`, `qtd_curso`) VALUES
(1, 'Festa 2', '2018-06-23', '2018-05-19', '2018-05-20', 2),
(3, 'Teste 01', '2018-05-23', '2018-05-15', '2018-05-22', 2),
(9, 'Natal Infantil', '2018-06-09', '2018-06-01', '2018-06-08', 2),
(14, 'Feira de Ciências e Tecnologias - 2018', '2018-06-22', '2018-06-13', '2018-06-18', 2);

-- --------------------------------------------------------

--
-- Estrutura da tabela `curso_turma`
--

CREATE TABLE `curso_turma` (
  `id_curso_turma` int(11) NOT NULL,
  `fk_id_curso` int(11) NOT NULL,
  `fk_id_turma` int(11) NOT NULL
) ENGINE=InnoDB DEFAULT CHARSET=latin1;

--
-- Extraindo dados da tabela `curso_turma`
--

INSERT INTO `curso_turma` (`id_curso_turma`, `fk_id_curso`, `fk_id_turma`) VALUES
(1, 1, 16),
(2, 1, 19),
(3, 1, 22),
(4, 1, 25),
(5, 2, 16),
(6, 2, 19),
(7, 2, 22),
(8, 2, 25),
(9, 3, 28),
(10, 3, 31),
(11, 3, 34),
(12, 4, 28),
(13, 4, 31),
(14, 4, 34),
(15, 5, 1),
(16, 5, 6),
(17, 5, 11),
(18, 5, 15),
(19, 6, 1),
(20, 6, 6),
(21, 6, 11),
(22, 6, 15),
(23, 7, 28),
(24, 7, 31),
(25, 7, 34),
(26, 8, 1),
(27, 8, 2),
(28, 8, 3),
(29, 8, 4),
(30, 9, 1),
(31, 9, 2),
(32, 9, 3),
(33, 9, 4);

-- --------------------------------------------------------

--
-- Estrutura da tabela `evento`
--

CREATE TABLE `evento` (
  `id_evento` int(11) NOT NULL,
  `titulo_evento` varchar(200) NOT NULL,
  `fk_id_atividade` int(3) NOT NULL,
  `palestrante_evento` varchar(100) NOT NULL,
  `vagas_evento` int(4) NOT NULL,
  `hora_evento` varchar(15) NOT NULL,
  `data_evento` date NOT NULL,
  `turno` text NOT NULL
) ENGINE=InnoDB DEFAULT CHARSET=latin1;

--
-- Extraindo dados da tabela `evento`
--

INSERT INTO `evento` (`id_evento`, `titulo_evento`, `fk_id_atividade`, `palestrante_evento`, `vagas_evento`, `hora_evento`, `data_evento`, `turno`) VALUES
(3, 'Cidade da criança 2', 1, 'Josiel Souza 2', 12, '3', '2018-05-02', '1'),
(4, 'Cidade da criança 2', 1, 'Josiel Souza 2', 12, '7', '2018-05-02', '1'),
(5, 'Avanço ', 3, 'Josiel Souza', 20, '5', '2018-05-02', '1'),
(6, 'Avanço ', 3, 'Josiel Souza', 29, '7', '2018-05-02', '1'),
(7, 'Combate às drogas', 11, 'Rosa Lúcia', 25, '4', '2018-06-25', '1'),
(9, 'História do Brasil', 14, 'Fernanda', 29, '4', '2018-06-30', '1');

-- --------------------------------------------------------

--
-- Estrutura da tabela `horario`
--

CREATE TABLE `horario` (
  `id_horario` int(11) NOT NULL,
  `horario` varchar(15) NOT NULL,
  `turno` int(1) NOT NULL
) ENGINE=InnoDB DEFAULT CHARSET=latin1;

--
-- Extraindo dados da tabela `horario`
--

INSERT INTO `horario` (`id_horario`, `horario`, `turno`) VALUES
(1, '08:00 às 09:00', 1),
(2, '08:30 às 09:30', 1),
(3, '09:00 às 10:00', 1),
(4, '09:30 às 10:30', 1),
(5, '10:00 às 11:00', 1),
(6, '10:30 às 11:30', 1),
(7, '11:00 às 12:00', 1),
(8, '13:00 às 14:00', 2),
(9, '13:30 às 14:30', 2),
(10, '14:00 às 15:00', 2),
(11, '14:30 às 15:30', 2),
(12, '15:00 às 16:00', 2),
(13, '15:30 às 16:30', 2),
(14, '16:00 às 17:00', 2);

-- --------------------------------------------------------

--
-- Estrutura da tabela `log`
--

CREATE TABLE `log` (
  `id_log` int(11) NOT NULL,
  `ip_log` varchar(16) COLLATE utf8_unicode_ci NOT NULL,
  `user_log` int(8) NOT NULL,
  `timestamp_log` varchar(25) COLLATE utf8_unicode_ci NOT NULL
) ENGINE=MyISAM DEFAULT CHARSET=utf8 COLLATE=utf8_unicode_ci;

--
-- Extraindo dados da tabela `log`
--

INSERT INTO `log` (`id_log`, `ip_log`, `user_log`, `timestamp_log`) VALUES
(1, '179.190.206.78', 11, '30/05/2017 16:43:39'),
(9, '177.13.9.12', 720765, '30/05/2017 18:06:56'),
(8, '179.240.133.18', 720588, '30/05/2017 18:05:20'),
(7, '189.124.197.226', 721178, '30/05/2017 18:00:52'),
(6, '177.89.238.33', 720023, '30/05/2017 17:44:56'),
(10, '177.89.9.49', 721189, '30/05/2017 18:10:35'),
(11, '189.124.211.211', 721175, '30/05/2017 18:11:47'),
(12, '177.89.145.132', 721172, '30/05/2017 18:12:37'),
(13, '177.89.120.13', 721018, '30/05/2017 18:13:53'),
(14, '177.13.9.12', 720765, '30/05/2017 18:14:19'),
(15, '177.89.160.246', 720021, '30/05/2017 18:15:33'),
(16, '177.89.34.70', 721210, '30/05/2017 18:17:30'),
(17, '189.124.197.226', 721178, '30/05/2017 18:17:30'),
(18, '177.89.238.33', 720023, '30/05/2017 18:18:28'),
(19, '177.89.34.70', 721210, '30/05/2017 18:22:00'),
(20, '177.13.11.12', 721176, '30/05/2017 18:22:27'),
(21, '179.156.7.239', 721340, '30/05/2017 18:22:45'),
(22, '177.89.34.70', 721210, '30/05/2017 18:23:13'),
(23, '177.13.11.12', 721176, '30/05/2017 18:23:25'),
(24, '177.89.9.49', 721189, '30/05/2017 18:23:25'),
(25, '179.190.249.153', 721181, '30/05/2017 18:24:48'),
(26, '189.124.211.211', 721175, '30/05/2017 18:25:57'),
(27, '177.13.9.12', 721183, '30/05/2017 18:29:16'),
(28, '177.89.9.49', 721183, '30/05/2017 18:29:55'),
(29, '177.89.167.142', 721213, '30/05/2017 18:33:31'),
(30, '177.13.9.12', 721371, '30/05/2017 18:33:42'),
(31, '177.89.167.142', 721312, '30/05/2017 18:33:58'),
(32, '177.89.160.246', 721210, '30/05/2017 18:34:35'),
(33, '177.89.160.246', 720873, '30/05/2017 18:36:20'),
(34, '177.89.238.33', 720873, '30/05/2017 18:37:03'),
(35, '179.190.202.84', 720873, '30/05/2017 18:37:06'),
(36, '177.89.160.246', 720021, '30/05/2017 18:39:33'),
(37, '177.89.167.142', 721213, '30/05/2017 18:40:37'),
(38, '179.190.251.80', 721278, '30/05/2017 18:46:58'),
(39, '179.190.251.80', 721278, '30/05/2017 18:48:09'),
(40, '179.190.251.80', 721277, '30/05/2017 18:56:08'),
(41, '179.190.251.80', 721277, '30/05/2017 19:10:18'),
(42, '177.89.6.161', 11, '30/05/2017 19:11:00'),
(43, '179.190.251.80', 721278, '30/05/2017 19:11:30'),
(44, '177.13.10.38', 721040, '30/05/2017 19:13:39'),
(45, '177.13.9.12', 721183, '30/05/2017 19:23:26'),
(46, '177.13.9.12', 721183, '30/05/2017 19:23:45'),
(47, '177.13.9.12', 721183, '30/05/2017 19:23:46'),
(48, '177.89.77.224', 720854, '30/05/2017 19:41:44'),
(49, '189.124.197.226', 721178, '30/05/2017 19:43:01'),
(50, '177.13.11.18', 721183, '30/05/2017 19:58:59'),
(51, '179.190.251.80', 721273, '30/05/2017 19:59:52'),
(52, '179.190.251.80', 721278, '30/05/2017 20:08:44'),
(53, '179.190.232.50', 720741, '30/05/2017 20:16:42'),
(54, '179.190.251.80', 721278, '30/05/2017 20:18:36'),
(55, '179.190.226.11', 721278, '30/05/2017 20:19:09'),
(56, '187.61.241.6', 721275, '30/05/2017 20:19:48'),
(57, '177.89.183.156', 721236, '30/05/2017 20:21:18'),
(58, '179.190.251.80', 721278, '30/05/2017 20:22:39'),
(59, '179.190.202.172', 720752, '30/05/2017 20:25:37'),
(60, '179.190.232.50', 721237, '30/05/2017 20:25:38'),
(61, '179.190.232.50', 720741, '30/05/2017 20:28:08'),
(62, '179.190.202.172', 720752, '30/05/2017 20:28:53'),
(63, '177.89.167.142', 721213, '30/05/2017 20:34:01'),
(64, '179.190.202.172', 720752, '30/05/2017 20:34:21'),
(65, '179.240.133.87', 721237, '30/05/2017 20:34:58'),
(66, '187.61.241.6', 721275, '30/05/2017 20:37:09'),
(67, '177.89.164.149', 721504, '30/05/2017 20:39:09'),
(68, '177.89.153.5', 721331, '30/05/2017 20:43:59'),
(69, '177.89.35.45', 721240, '30/05/2017 20:46:38'),
(70, '179.190.251.80', 721277, '30/05/2017 20:47:29'),
(71, '177.89.35.45', 721240, '30/05/2017 20:47:44'),
(72, '177.89.164.149', 721504, '30/05/2017 20:47:55'),
(73, '179.190.251.80', 721279, '30/05/2017 20:48:22'),
(74, '179.190.232.50', 720741, '30/05/2017 20:49:20'),
(75, '177.89.40.3', 721513, '30/05/2017 20:52:51'),
(76, '177.89.164.149', 721504, '30/05/2017 20:52:59'),
(77, '177.89.164.149', 721504, '30/05/2017 20:53:00'),
(78, '177.89.40.3', 721513, '30/05/2017 20:54:11'),
(79, '179.190.131.173', 721453, '30/05/2017 20:58:13'),
(80, '177.89.167.142', 720942, '30/05/2017 21:01:03'),
(81, '179.190.131.173', 720854, '30/05/2017 21:04:13'),
(82, '179.190.131.173', 721453, '30/05/2017 21:05:28'),
(83, '177.89.40.3', 721514, '30/05/2017 21:08:28'),
(84, '177.89.40.3', 721513, '30/05/2017 21:09:30'),
(85, '177.89.40.3', 721515, '30/05/2017 21:09:52'),
(86, '177.89.167.142', 720942, '30/05/2017 21:10:06'),
(87, '177.89.40.3', 721415, '30/05/2017 21:10:49'),
(88, '177.89.40.3', 721511, '30/05/2017 21:11:24'),
(89, '189.124.211.147', 720972, '30/05/2017 21:11:52'),
(90, '179.190.131.173', 720943, '30/05/2017 21:12:42'),
(91, '177.13.11.2', 720942, '30/05/2017 21:14:07'),
(92, '179.190.131.173', 721049, '30/05/2017 21:24:27'),
(93, '189.124.211.147', 720972, '30/05/2017 21:25:27'),
(94, '177.89.167.142', 721213, '30/05/2017 21:26:05'),
(95, '177.89.167.142', 721213, '30/05/2017 21:28:00'),
(96, '177.13.10.12', 721052, '30/05/2017 21:28:28'),
(97, '177.89.182.193', 720026, '30/05/2017 21:29:09'),
(98, '177.89.167.142', 721052, '30/05/2017 21:31:08'),
(99, '177.89.182.193', 720026, '30/05/2017 21:31:12'),
(100, '179.190.251.80', 721271, '30/05/2017 21:40:19'),
(101, '179.190.251.80', 721274, '30/05/2017 21:40:45'),
(102, '179.190.251.80', 721279, '30/05/2017 21:40:58'),
(103, '177.89.77.224', 720854, '30/05/2017 21:44:45'),
(104, '187.40.236.131', 721235, '30/05/2017 22:04:47'),
(105, '177.89.40.3', 721514, '30/05/2017 22:09:27'),
(106, '187.40.236.131', 720576, '30/05/2017 22:10:27'),
(107, '187.40.236.131', 720576, '30/05/2017 22:10:57'),
(108, '177.89.40.3', 721513, '30/05/2017 22:23:39'),
(109, '177.89.40.3', 721319, '30/05/2017 22:24:09'),
(110, '177.89.40.3', 721309, '30/05/2017 22:24:58'),
(111, '179.190.251.80', 721272, '30/05/2017 22:28:01'),
(112, '177.89.40.3', 721412, '30/05/2017 22:30:48'),
(113, '177.89.40.3', 721501, '30/05/2017 22:31:47'),
(114, '177.89.40.3', 721499, '30/05/2017 22:32:09'),
(115, '177.89.183.156', 721236, '30/05/2017 22:33:11'),
(116, '177.89.40.3', 720760, '30/05/2017 22:33:24'),
(117, '177.89.40.3', 721499, '30/05/2017 22:34:36'),
(118, '177.89.174.189', 721272, '30/05/2017 22:46:48'),
(119, '177.89.174.189', 721272, '30/05/2017 22:47:56'),
(120, '187.40.236.131', 721398, '30/05/2017 22:56:59'),
(121, '177.89.174.189', 721273, '30/05/2017 23:23:52'),
(122, '177.89.174.189', 721274, '30/05/2017 23:24:13'),
(123, '177.89.30.228', 721277, '30/05/2017 23:24:26'),
(124, '177.89.174.189', 721280, '30/05/2017 23:24:33'),
(125, '177.89.174.189', 721275, '30/05/2017 23:25:14'),
(126, '177.89.174.189', 721272, '30/05/2017 23:25:30'),
(127, '177.89.30.228', 721271, '30/05/2017 23:25:56'),
(128, '177.89.174.189', 721271, '30/05/2017 23:26:05'),
(129, '177.89.174.189', 721278, '30/05/2017 23:26:24'),
(130, '177.89.174.189', 721279, '30/05/2017 23:26:54'),
(131, '177.89.174.189', 721271, '30/05/2017 23:27:09'),
(132, '177.89.174.189', 721280, '30/05/2017 23:27:19'),
(133, '177.89.174.189', 721282, '30/05/2017 23:27:42'),
(134, '177.89.174.189', 721262, '30/05/2017 23:28:03'),
(135, '177.89.174.189', 721272, '30/05/2017 23:28:28'),
(136, '177.89.174.189', 721283, '30/05/2017 23:28:38'),
(137, '177.89.174.189', 721284, '30/05/2017 23:28:47'),
(138, '177.89.174.189', 721286, '30/05/2017 23:29:03'),
(139, '177.89.174.189', 721286, '30/05/2017 23:29:30'),
(140, '177.89.174.189', 721287, '30/05/2017 23:29:39'),
(141, '177.89.174.189', 721288, '30/05/2017 23:29:47'),
(142, '177.89.174.189', 721293, '30/05/2017 23:30:42'),
(143, '177.89.174.189', 721294, '30/05/2017 23:30:50'),
(144, '177.89.174.189', 721295, '30/05/2017 23:32:20'),
(145, '177.89.174.189', 721295, '30/05/2017 23:32:28'),
(146, '177.89.174.189', 721223, '30/05/2017 23:33:40'),
(147, '177.89.174.189', 721220, '30/05/2017 23:33:52'),
(148, '177.89.174.189', 721226, '30/05/2017 23:34:18'),
(149, '177.89.174.189', 721227, '30/05/2017 23:34:26'),
(150, '177.89.174.189', 721228, '30/05/2017 23:34:36'),
(151, '177.89.174.189', 721232, '30/05/2017 23:34:55'),
(152, '177.89.174.189', 721233, '30/05/2017 23:35:05'),
(153, '177.89.174.189', 721234, '30/05/2017 23:35:15'),
(154, '177.89.174.189', 721235, '30/05/2017 23:35:24'),
(155, '177.89.174.189', 721237, '30/05/2017 23:35:37'),
(156, '177.89.174.189', 721238, '30/05/2017 23:35:48'),
(157, '177.89.174.189', 721239, '30/05/2017 23:35:56'),
(158, '177.89.224.129', 721500, '30/05/2017 23:36:10'),
(159, '177.89.174.189', 721240, '30/05/2017 23:36:14'),
(160, '177.89.174.189', 721241, '30/05/2017 23:36:22'),
(161, '177.89.174.189', 721243, '30/05/2017 23:36:36'),
(162, '177.89.174.189', 721244, '30/05/2017 23:36:51'),
(163, '177.89.174.189', 721249, '30/05/2017 23:37:19'),
(164, '177.89.174.189', 721252, '30/05/2017 23:37:42'),
(165, '177.89.174.189', 721255, '30/05/2017 23:37:53'),
(166, '177.89.174.189', 721257, '30/05/2017 23:38:05'),
(167, '177.89.174.189', 721257, '30/05/2017 23:38:24'),
(168, '177.89.174.189', 721259, '30/05/2017 23:38:35'),
(169, '177.89.174.189', 721262, '30/05/2017 23:38:49'),
(170, '177.89.174.189', 721263, '30/05/2017 23:38:58'),
(171, '177.89.174.189', 721265, '30/05/2017 23:39:53'),
(172, '177.89.174.189', 721266, '30/05/2017 23:40:04'),
(173, '177.89.174.189', 721268, '30/05/2017 23:40:18'),
(174, '177.89.174.189', 721269, '30/05/2017 23:40:24'),
(175, '177.89.174.189', 721260, '30/05/2017 23:40:33'),
(176, '177.89.174.189', 721271, '30/05/2017 23:40:44'),
(177, '177.89.174.189', 721272, '30/05/2017 23:40:56'),
(178, '177.89.174.189', 721273, '30/05/2017 23:41:04'),
(179, '177.89.174.189', 721274, '30/05/2017 23:41:13'),
(180, '177.89.174.189', 721275, '30/05/2017 23:41:20'),
(181, '177.89.174.189', 721277, '30/05/2017 23:41:37'),
(182, '177.89.174.189', 721278, '30/05/2017 23:41:47'),
(183, '177.89.174.189', 721279, '30/05/2017 23:41:54'),
(184, '177.89.174.189', 721280, '30/05/2017 23:42:03'),
(185, '177.89.174.189', 721282, '30/05/2017 23:42:16'),
(186, '177.89.174.189', 721282, '30/05/2017 23:42:24'),
(187, '177.89.174.189', 721283, '30/05/2017 23:42:30'),
(188, '177.89.174.189', 721284, '30/05/2017 23:42:37'),
(189, '177.89.174.189', 721286, '30/05/2017 23:42:48'),
(190, '177.89.174.189', 721287, '30/05/2017 23:42:56'),
(191, '177.89.174.189', 721288, '30/05/2017 23:43:03'),
(192, '177.89.174.189', 721280, '30/05/2017 23:43:14'),
(193, '177.89.174.189', 721291, '30/05/2017 23:43:26'),
(194, '177.89.174.189', 721293, '30/05/2017 23:43:39'),
(195, '177.89.174.189', 721294, '30/05/2017 23:43:49'),
(196, '177.89.174.189', 721295, '30/05/2017 23:43:55'),
(197, '177.89.174.189', 721297, '30/05/2017 23:44:07'),
(198, '177.89.174.189', 721201, '30/05/2017 23:47:54'),
(199, '177.89.174.189', 721202, '30/05/2017 23:48:03'),
(200, '177.89.174.189', 721203, '30/05/2017 23:48:10'),
(201, '177.89.174.189', 721203, '30/05/2017 23:48:17'),
(202, '177.89.174.189', 721205, '30/05/2017 23:48:36'),
(203, '177.89.174.189', 721206, '30/05/2017 23:48:44'),
(204, '177.89.174.189', 721207, '30/05/2017 23:48:52'),
(205, '177.89.174.189', 721206, '30/05/2017 23:49:16'),
(206, '177.89.174.189', 721210, '30/05/2017 23:49:43'),
(207, '177.89.174.189', 721211, '30/05/2017 23:50:02'),
(208, '177.89.174.189', 721212, '30/05/2017 23:50:12'),
(209, '177.89.174.189', 721213, '30/05/2017 23:50:18'),
(210, '177.89.174.189', 721216, '30/05/2017 23:50:38'),
(211, '177.89.174.189', 721220, '30/05/2017 23:51:01'),
(212, '177.89.174.189', 721221, '30/05/2017 23:51:08'),
(213, '177.89.174.189', 721223, '30/05/2017 23:51:16'),
(214, '177.89.174.189', 721226, '30/05/2017 23:51:37'),
(215, '177.89.174.189', 721227, '30/05/2017 23:51:45'),
(216, '177.89.174.189', 721228, '30/05/2017 23:51:52'),
(217, '177.89.174.189', 721228, '30/05/2017 23:52:02'),
(218, '177.89.174.189', 721232, '30/05/2017 23:52:33'),
(219, '177.89.174.189', 721234, '30/05/2017 23:52:40'),
(220, '177.89.174.189', 721233, '30/05/2017 23:52:49'),
(221, '177.89.174.189', 721234, '30/05/2017 23:52:57'),
(222, '177.89.174.189', 721235, '30/05/2017 23:53:02'),
(223, '177.89.174.189', 721237, '30/05/2017 23:53:14'),
(224, '177.89.174.189', 721238, '30/05/2017 23:53:22'),
(225, '177.89.174.189', 721238, '30/05/2017 23:53:22'),
(226, '177.89.174.189', 721239, '30/05/2017 23:53:28'),
(227, '177.89.174.189', 721240, '30/05/2017 23:53:51'),
(228, '177.89.174.189', 721241, '30/05/2017 23:54:00'),
(229, '177.89.174.189', 721243, '30/05/2017 23:54:14'),
(230, '177.89.174.189', 721244, '30/05/2017 23:54:21'),
(231, '177.89.174.189', 721288, '30/05/2017 23:54:40'),
(232, '177.89.174.189', 721272, '30/05/2017 23:55:32'),
(233, '177.89.174.189', 721201, '31/05/2017 00:05:21'),
(234, '177.89.174.189', 721202, '31/05/2017 00:05:29'),
(235, '177.89.174.189', 721203, '31/05/2017 00:05:37'),
(236, '177.89.174.189', 721205, '31/05/2017 00:05:49'),
(237, '177.89.174.189', 721206, '31/05/2017 00:05:59'),
(238, '177.89.174.189', 721207, '31/05/2017 00:06:13'),
(239, '177.89.174.189', 721210, '31/05/2017 00:06:34'),
(240, '177.89.174.189', 721211, '31/05/2017 00:06:52'),
(241, '177.89.174.189', 721212, '31/05/2017 00:07:01'),
(242, '177.89.174.189', 721213, '31/05/2017 00:07:08'),
(243, '177.89.174.189', 721214, '31/05/2017 00:07:20'),
(244, '177.89.174.189', 721220, '31/05/2017 00:07:55'),
(245, '177.89.174.189', 721221, '31/05/2017 00:08:02'),
(246, '177.89.174.189', 721223, '31/05/2017 00:08:14'),
(247, '177.89.174.189', 721226, '31/05/2017 00:08:34'),
(248, '177.89.174.189', 721227, '31/05/2017 00:08:42'),
(249, '177.89.174.189', 721228, '31/05/2017 00:08:48'),
(250, '177.89.174.189', 721232, '31/05/2017 00:09:11'),
(251, '177.89.174.189', 721233, '31/05/2017 00:09:17'),
(252, '177.89.174.189', 721234, '31/05/2017 00:09:24'),
(253, '177.89.174.189', 721235, '31/05/2017 00:09:30'),
(254, '177.89.174.189', 721236, '31/05/2017 00:09:36'),
(255, '177.89.174.189', 721237, '31/05/2017 00:09:47'),
(256, '177.89.174.189', 721238, '31/05/2017 00:09:55'),
(257, '177.89.174.189', 721239, '31/05/2017 00:10:04'),
(258, '177.89.174.189', 721240, '31/05/2017 00:10:14'),
(259, '177.89.174.189', 721241, '31/05/2017 00:10:21'),
(260, '177.89.174.189', 721243, '31/05/2017 00:11:09'),
(261, '177.89.174.189', 721244, '31/05/2017 00:11:15'),
(262, '177.89.174.189', 721249, '31/05/2017 00:11:46'),
(263, '177.89.174.189', 721252, '31/05/2017 00:12:04'),
(264, '177.89.174.189', 721254, '31/05/2017 00:12:18'),
(265, '177.89.174.189', 721255, '31/05/2017 00:12:26'),
(266, '177.89.174.189', 721257, '31/05/2017 00:13:06'),
(267, '177.89.174.189', 721259, '31/05/2017 00:13:17'),
(268, '177.89.174.189', 721260, '31/05/2017 00:13:24'),
(269, '177.89.174.189', 721262, '31/05/2017 00:13:37'),
(270, '177.89.174.189', 721263, '31/05/2017 00:13:44'),
(271, '177.89.174.189', 721265, '31/05/2017 00:14:05'),
(272, '177.89.174.189', 721266, '31/05/2017 00:14:12'),
(273, '177.89.174.189', 721266, '31/05/2017 00:14:40'),
(274, '177.89.174.189', 721268, '31/05/2017 00:14:52'),
(275, '177.89.174.189', 721269, '31/05/2017 00:14:58'),
(276, '177.89.174.189', 721271, '31/05/2017 00:15:14'),
(277, '177.89.174.189', 721273, '31/05/2017 00:15:28'),
(278, '177.89.174.189', 721274, '31/05/2017 00:15:36'),
(279, '177.89.174.189', 721275, '31/05/2017 00:15:45'),
(280, '177.89.174.189', 721277, '31/05/2017 00:15:58'),
(281, '177.89.174.189', 721278, '31/05/2017 00:16:05'),
(282, '177.89.174.189', 721279, '31/05/2017 00:16:13'),
(283, '177.89.174.189', 721280, '31/05/2017 00:16:22'),
(284, '177.89.174.189', 721282, '31/05/2017 00:16:36'),
(285, '177.89.174.189', 721283, '31/05/2017 00:16:44'),
(286, '177.89.174.189', 721284, '31/05/2017 00:16:54'),
(287, '177.89.174.189', 721286, '31/05/2017 00:17:09'),
(288, '177.89.174.189', 721287, '31/05/2017 00:17:15'),
(289, '177.89.174.189', 721288, '31/05/2017 00:17:24'),
(290, '177.89.174.189', 721291, '31/05/2017 00:17:43'),
(291, '177.89.174.189', 721293, '31/05/2017 00:17:53'),
(292, '177.89.174.189', 721294, '31/05/2017 00:18:01'),
(293, '177.89.174.189', 721295, '31/05/2017 00:18:07'),
(294, '177.89.174.189', 721297, '31/05/2017 00:18:18'),
(295, '179.190.206.78', 11, '31/05/2017 06:21:02'),
(296, '179.190.206.78', 11, '31/05/2017 06:22:54'),
(297, '187.61.230.179', 721180, '31/05/2017 06:34:17'),
(298, '189.124.211.189', 720132, '31/05/2017 08:45:44'),
(299, '189.124.211.189', 720025, '31/05/2017 08:51:02'),
(300, '177.89.72.249', 720916, '31/05/2017 08:57:59'),
(301, '177.89.72.249', 720045, '31/05/2017 09:00:08'),
(302, '200.141.128.32', 11, '31/05/2017 09:00:20'),
(303, '177.89.77.49', 720918, '31/05/2017 09:00:38'),
(304, '179.190.243.105', 721415, '31/05/2017 10:31:35'),
(305, '200.141.200.7', 11, '31/05/2017 10:42:13'),
(306, '189.124.211.189', 720132, '31/05/2017 11:10:02'),
(307, '189.124.211.189', 720132, '31/05/2017 11:10:08'),
(308, '189.124.211.189', 720132, '31/05/2017 11:10:10'),
(309, '189.124.211.189', 720132, '31/05/2017 11:10:20'),
(310, '177.89.120.13', 721018, '31/05/2017 11:10:22'),
(311, '189.124.211.189', 720132, '31/05/2017 11:15:55'),
(312, '179.196.16.73', 720880, '31/05/2017 11:17:50'),
(313, '189.92.195.89', 721440, '31/05/2017 11:17:56'),
(314, '189.124.211.189', 720132, '31/05/2017 11:19:02'),
(315, '189.124.211.189', 720132, '31/05/2017 11:19:05'),
(316, '189.92.195.89', 721441, '31/05/2017 11:20:00'),
(317, '189.124.211.189', 720132, '31/05/2017 11:20:21'),
(318, '189.124.211.189', 720045, '31/05/2017 11:20:25'),
(319, '177.89.77.49', 720918, '31/05/2017 11:21:00'),
(320, '177.89.72.249', 720045, '31/05/2017 11:21:25'),
(321, '177.89.153.5', 721331, '31/05/2017 11:22:00'),
(322, '177.89.72.249', 720045, '31/05/2017 11:23:44'),
(323, '177.89.72.249', 720045, '31/05/2017 11:23:50'),
(324, '179.196.241.239', 720976, '31/05/2017 11:24:03'),
(325, '189.40.65.212', 721416, '31/05/2017 11:24:15'),
(326, '177.89.72.249', 720045, '31/05/2017 11:24:40'),
(327, '177.217.219.34', 721661, '31/05/2017 11:25:13'),
(328, '177.89.72.249', 720132, '31/05/2017 11:25:18'),
(329, '189.124.211.189', 721441, '31/05/2017 11:25:40'),
(330, '189.124.212.70', 721456, '31/05/2017 11:26:25'),
(331, '189.124.211.189', 721441, '31/05/2017 11:26:55'),
(332, '189.124.212.70', 720044, '31/05/2017 11:27:08'),
(333, '189.124.211.189', 721440, '31/05/2017 11:27:16'),
(334, '177.89.72.249', 720045, '31/05/2017 11:27:42'),
(335, '179.156.7.239', 721340, '31/05/2017 11:28:01'),
(336, '189.124.211.189', 721087, '31/05/2017 11:28:32'),
(337, '177.89.72.249', 720045, '31/05/2017 11:29:12'),
(338, '189.124.211.189', 721441, '31/05/2017 11:29:30'),
(339, '177.13.10.38', 721040, '31/05/2017 11:30:16'),
(340, '189.124.211.189', 721440, '31/05/2017 11:30:34'),
(341, '189.40.65.212', 720677, '31/05/2017 11:30:48'),
(342, '189.124.211.189', 721087, '31/05/2017 11:30:53'),
(343, '179.240.150.56', 720218, '31/05/2017 11:32:04'),
(344, '189.124.211.189', 720799, '31/05/2017 11:33:19'),
(345, '189.124.211.189', 720799, '31/05/2017 11:33:33'),
(346, '189.124.212.24', 721460, '31/05/2017 11:33:56'),
(347, '177.89.72.249', 720725, '31/05/2017 11:34:33'),
(348, '179.196.160.249', 721445, '31/05/2017 11:35:02'),
(349, '189.124.211.189', 721199, '31/05/2017 11:35:09'),
(350, '189.124.211.189', 720799, '31/05/2017 11:35:28'),
(351, '189.92.242.91', 721288, '31/05/2017 11:35:36'),
(352, '189.40.67.136', 721434, '31/05/2017 11:35:59'),
(353, '189.124.211.189', 720556, '31/05/2017 11:36:49'),
(354, '189.92.242.91', 720705, '31/05/2017 11:39:05'),
(355, '189.40.82.58', 721433, '31/05/2017 11:40:02'),
(356, '189.124.212.24', 721460, '31/05/2017 11:42:13'),
(357, '179.156.4.78', 721207, '31/05/2017 11:44:05'),
(358, '177.89.153.91', 720132, '31/05/2017 11:44:46'),
(359, '177.89.153.91', 720132, '31/05/2017 11:45:52'),
(360, '177.89.72.249', 720620, '31/05/2017 11:48:25'),
(361, '177.89.153.2', 720584, '31/05/2017 11:48:35'),
(362, '177.64.200.171', 721519, '31/05/2017 11:49:09'),
(363, '177.64.200.171', 721519, '31/05/2017 11:50:03'),
(364, '177.89.153.2', 721061, '31/05/2017 11:50:35'),
(365, '189.40.81.78', 721061, '31/05/2017 11:51:19'),
(366, '189.40.81.78', 720719, '31/05/2017 11:51:52'),
(367, '177.89.153.2', 720725, '31/05/2017 11:53:31'),
(368, '177.89.153.91', 720132, '31/05/2017 11:54:39'),
(369, '189.92.242.91', 720705, '31/05/2017 11:55:31'),
(370, '189.92.242.91', 720705, '31/05/2017 11:55:32'),
(371, '189.92.242.91', 721288, '31/05/2017 11:56:04'),
(372, '189.92.242.91', 721288, '31/05/2017 11:56:37'),
(373, '187.61.248.231', 720045, '31/05/2017 11:58:05'),
(374, '187.61.248.231', 720045, '31/05/2017 11:58:25'),
(375, '179.240.167.64', 720274, '31/05/2017 11:58:29'),
(376, '177.13.9.12', 721443, '31/05/2017 11:59:25'),
(377, '177.89.153.2', 720725, '31/05/2017 11:59:37'),
(378, '189.92.242.91', 721318, '31/05/2017 11:59:52'),
(379, '179.240.149.76', 720269, '31/05/2017 12:02:30'),
(380, '177.89.8.243', 720294, '31/05/2017 12:02:47'),
(381, '189.92.242.91', 721288, '31/05/2017 12:02:50'),
(382, '177.89.153.2', 720719, '31/05/2017 12:05:00'),
(383, '177.89.8.243', 720294, '31/05/2017 12:05:13'),
(384, '177.89.153.2', 720719, '31/05/2017 12:05:13'),
(385, '179.240.167.64', 720277, '31/05/2017 12:05:36'),
(386, '179.240.167.64', 721295, '31/05/2017 12:07:21'),
(387, '189.124.212.2', 721407, '31/05/2017 12:08:00'),
(388, '179.240.167.64', 720277, '31/05/2017 12:08:12'),
(389, '189.124.213.135', 720896, '31/05/2017 12:08:27'),
(390, '189.92.242.91', 720258, '31/05/2017 12:09:35'),
(391, '189.124.213.135', 720896, '31/05/2017 12:09:43'),
(392, '189.124.212.2', 721407, '31/05/2017 12:09:46'),
(393, '189.92.242.91', 721339, '31/05/2017 12:09:49'),
(394, '189.92.242.91', 721305, '31/05/2017 12:11:58'),
(395, '189.92.242.91', 721305, '31/05/2017 12:12:00'),
(396, '189.92.242.91', 721305, '31/05/2017 12:15:19'),
(397, '177.89.163.12', 721226, '31/05/2017 12:26:37'),
(398, '179.69.63.144', 720628, '31/05/2017 12:27:02'),
(399, '179.69.63.144', 720628, '31/05/2017 12:28:47'),
(400, '179.69.63.144', 721452, '31/05/2017 12:29:24'),
(401, '177.89.72.249', 721455, '31/05/2017 12:31:39'),
(402, '179.69.63.144', 720130, '31/05/2017 12:31:51'),
(403, '177.89.134.228', 721211, '31/05/2017 12:33:34'),
(404, '179.240.150.56', 720110, '31/05/2017 12:33:39'),
(405, '179.69.63.144', 720729, '31/05/2017 12:33:56'),
(406, '179.240.150.56', 721259, '31/05/2017 12:35:06'),
(407, '177.89.72.249', 721436, '31/05/2017 12:36:17'),
(408, '177.89.235.228', 720599, '31/05/2017 12:38:34'),
(409, '179.240.150.56', 721243, '31/05/2017 12:39:18'),
(410, '177.89.72.249', 721425, '31/05/2017 12:40:47'),
(411, '177.89.134.228', 721211, '31/05/2017 12:43:31'),
(412, '177.89.72.249', 721436, '31/05/2017 12:43:56'),
(413, '177.89.72.249', 720100, '31/05/2017 12:44:05'),
(414, '177.89.77.12', 720734, '31/05/2017 12:45:42'),
(415, '177.89.72.249', 720100, '31/05/2017 12:47:26'),
(416, '186.250.19.250', 721493, '31/05/2017 12:48:47'),
(417, '177.89.72.249', 720100, '31/05/2017 12:50:30'),
(418, '177.89.72.249', 720626, '31/05/2017 12:51:16'),
(419, '177.89.180.27', 721568, '31/05/2017 12:57:38'),
(420, '177.89.72.249', 720100, '31/05/2017 12:58:32'),
(421, '177.89.183.225', 721439, '31/05/2017 12:59:03'),
(422, '187.40.219.253', 721451, '31/05/2017 13:02:24'),
(423, '179.190.201.32', 720766, '31/05/2017 13:04:27'),
(424, '177.89.180.27', 721568, '31/05/2017 13:04:30'),
(425, '179.190.244.44', 721455, '31/05/2017 13:04:30'),
(426, '177.89.72.249', 721017, '31/05/2017 13:06:38'),
(427, '177.13.9.2', 720620, '31/05/2017 13:07:20'),
(428, '177.13.9.2', 720620, '31/05/2017 13:07:29'),
(429, '177.13.9.2', 720620, '31/05/2017 13:07:44'),
(430, '177.89.72.249', 721018, '31/05/2017 13:07:46'),
(431, '177.13.9.2', 720620, '31/05/2017 13:07:51'),
(432, '177.13.9.2', 720620, '31/05/2017 13:07:51'),
(433, '179.196.194.2', 720847, '31/05/2017 13:08:21'),
(434, '177.13.9.2', 720237, '31/05/2017 13:09:36'),
(435, '179.196.194.2', 720987, '31/05/2017 13:10:38'),
(436, '177.89.72.249', 721180, '31/05/2017 13:10:54'),
(437, '179.240.183.83', 720588, '31/05/2017 13:11:03'),
(438, '179.196.194.2', 720756, '31/05/2017 13:11:31'),
(439, '179.190.231.254', 720919, '31/05/2017 13:11:42'),
(440, '177.89.72.249', 721272, '31/05/2017 13:13:07'),
(441, '179.196.194.2', 720756, '31/05/2017 13:13:19'),
(442, '179.190.231.254', 720919, '31/05/2017 13:13:20'),
(443, '177.89.46.90', 720628, '31/05/2017 13:13:25'),
(444, '177.89.46.90', 720620, '31/05/2017 13:13:41'),
(445, '179.196.194.2', 721283, '31/05/2017 13:13:56'),
(446, '177.89.72.249', 721506, '31/05/2017 13:14:00'),
(447, '179.190.241.83', 720231, '31/05/2017 13:14:49'),
(448, '189.124.211.189', 720836, '31/05/2017 13:15:11'),
(449, '177.89.236.85', 720846, '31/05/2017 13:15:30'),
(450, '179.196.194.2', 721069, '31/05/2017 13:15:37'),
(451, '179.190.241.83', 720935, '31/05/2017 13:15:48'),
(452, '179.190.241.83', 720754, '31/05/2017 13:16:12'),
(453, '177.89.77.2', 721306, '31/05/2017 13:16:27'),
(454, '179.196.194.2', 721283, '31/05/2017 13:16:38'),
(455, '179.190.231.254', 720907, '31/05/2017 13:16:55'),
(456, '177.89.190.107', 720097, '31/05/2017 13:17:08'),
(457, '179.196.194.2', 720756, '31/05/2017 13:17:24'),
(458, '179.190.241.83', 720848, '31/05/2017 13:18:13'),
(459, '179.196.194.2', 720987, '31/05/2017 13:18:30'),
(460, '179.190.202.180', 721000, '31/05/2017 13:18:35'),
(461, '177.13.9.2', 720654, '31/05/2017 13:18:55'),
(462, '179.190.231.254', 720907, '31/05/2017 13:18:58'),
(463, '186.209.111.193', 720847, '31/05/2017 13:19:22'),
(464, '179.190.231.254', 720919, '31/05/2017 13:19:25'),
(465, '179.190.202.180', 721297, '31/05/2017 13:19:56'),
(466, '177.89.140.248', 720082, '31/05/2017 13:20:11'),
(467, '187.61.141.215', 720916, '31/05/2017 13:20:19'),
(468, '177.89.2.205', 720100, '31/05/2017 13:20:34'),
(469, '179.190.202.180', 721000, '31/05/2017 13:20:46'),
(470, '179.190.241.83', 720256, '31/05/2017 13:20:50'),
(471, '177.89.215.3', 720085, '31/05/2017 13:21:38'),
(472, '187.40.132.119', 720899, '31/05/2017 13:21:56'),
(473, '179.190.249.81', 721434, '31/05/2017 13:22:34'),
(474, '179.190.241.83', 720231, '31/05/2017 13:24:07'),
(475, '177.89.236.85', 720845, '31/05/2017 13:24:28'),
(476, '177.89.140.248', 720082, '31/05/2017 13:25:38'),
(477, '177.13.9.2', 720620, '31/05/2017 13:26:03'),
(478, '179.190.231.254', 720919, '31/05/2017 13:26:32'),
(479, '177.13.9.2', 721206, '31/05/2017 13:28:32'),
(480, '187.61.211.14', 721431, '31/05/2017 13:30:02'),
(481, '179.190.249.81', 721435, '31/05/2017 13:30:49'),
(482, '177.13.9.2', 720654, '31/05/2017 13:31:42'),
(483, '179.190.241.83', 720718, '31/05/2017 13:31:54'),
(484, '179.190.202.77', 720912, '31/05/2017 13:33:39'),
(485, '187.40.158.228', 720053, '31/05/2017 13:33:53'),
(486, '179.190.241.83', 720935, '31/05/2017 13:34:12'),
(487, '179.190.241.83', 720754, '31/05/2017 13:34:27'),
(488, '179.190.241.83', 720256, '31/05/2017 13:34:50'),
(489, '187.61.141.215', 720916, '31/05/2017 13:35:05'),
(490, '177.89.2.205', 720100, '31/05/2017 13:35:30'),
(491, '179.190.249.81', 721435, '31/05/2017 13:37:12'),
(492, '177.89.77.223', 720870, '31/05/2017 13:37:16'),
(493, '177.89.236.85', 720846, '31/05/2017 13:37:26'),
(494, '177.89.180.27', 721568, '31/05/2017 13:37:50'),
(495, '177.89.215.3', 720910, '31/05/2017 13:38:02'),
(496, '179.190.249.81', 720100, '31/05/2017 13:38:56'),
(497, '187.40.158.228', 720053, '31/05/2017 13:39:03'),
(498, '179.234.130.200', 721473, '31/05/2017 13:39:52'),
(499, '186.192.31.58', 721438, '31/05/2017 13:40:46'),
(500, '177.89.2.205', 720100, '31/05/2017 13:41:03'),
(501, '177.89.77.223', 720870, '31/05/2017 13:41:26'),
(502, '177.89.77.12', 720734, '31/05/2017 13:42:03'),
(503, '179.190.201.32', 720766, '31/05/2017 13:42:45'),
(504, '179.190.201.186', 720304, '31/05/2017 13:42:51'),
(505, '179.190.202.77', 721464, '31/05/2017 13:43:41'),
(506, '179.190.201.32', 720909, '31/05/2017 13:43:42'),
(507, '177.89.74.239', 721464, '31/05/2017 13:43:50'),
(508, '187.40.158.228', 720053, '31/05/2017 13:43:51'),
(509, '179.190.201.32', 721309, '31/05/2017 13:44:01'),
(510, '179.240.183.83', 720588, '31/05/2017 13:44:17'),
(511, '179.190.201.32', 721325, '31/05/2017 13:44:21'),
(512, '179.190.201.32', 720909, '31/05/2017 13:44:37'),
(513, '179.190.230.12', 721286, '31/05/2017 13:44:38'),
(514, '187.61.246.74', 720285, '31/05/2017 13:45:01'),
(515, '177.89.2.205', 721260, '31/05/2017 13:45:35'),
(516, '179.190.201.128', 720209, '31/05/2017 13:45:44'),
(517, '177.89.72.249', 720053, '31/05/2017 13:46:15'),
(518, '179.190.201.128', 720229, '31/05/2017 13:46:36'),
(519, '179.190.201.32', 720766, '31/05/2017 13:47:07'),
(520, '179.190.201.32', 721309, '31/05/2017 13:47:29'),
(521, '177.89.77.12', 720882, '31/05/2017 13:47:43'),
(522, '179.190.201.32', 721325, '31/05/2017 13:47:52'),
(523, '179.190.201.32', 720909, '31/05/2017 13:48:17'),
(524, '179.190.201.32', 721325, '31/05/2017 13:49:03'),
(525, '177.89.184.218', 720799, '31/05/2017 13:49:06'),
(526, '179.190.202.77', 720912, '31/05/2017 13:49:11'),
(527, '179.190.201.32', 721309, '31/05/2017 13:49:16'),
(528, '177.89.190.107', 720097, '31/05/2017 13:49:35'),
(529, '177.89.2.205', 720100, '31/05/2017 13:49:56'),
(530, '187.61.240.81', 721293, '31/05/2017 13:49:56'),
(531, '179.190.201.186', 720314, '31/05/2017 13:50:05'),
(532, '177.89.184.218', 720870, '31/05/2017 13:51:04'),
(533, '177.89.77.12', 720882, '31/05/2017 13:51:07'),
(534, '177.89.77.12', 720724, '31/05/2017 13:51:22'),
(535, '179.190.201.128', 721079, '31/05/2017 13:51:47'),
(536, '177.89.77.12', 720734, '31/05/2017 13:52:08'),
(537, '177.89.72.249', 720785, '31/05/2017 13:52:15'),
(538, '179.240.182.12', 720588, '31/05/2017 13:52:26'),
(539, '187.61.246.74', 721282, '31/05/2017 13:53:07'),
(540, '177.89.56.15', 720064, '31/05/2017 13:53:47'),
(541, '177.89.165.219', 721413, '31/05/2017 13:53:50'),
(542, '177.13.10.43', 720214, '31/05/2017 13:53:58'),
(543, '179.240.182.12', 720032, '31/05/2017 13:53:59'),
(544, '187.61.246.74', 721323, '31/05/2017 13:54:16'),
(545, '179.240.182.12', 721540, '31/05/2017 13:54:53'),
(546, '179.240.182.12', 720588, '31/05/2017 13:55:27'),
(547, '177.89.72.249', 721284, '31/05/2017 13:55:42'),
(548, '177.13.10.43', 721426, '31/05/2017 13:56:19'),
(549, '177.89.191.95', 720900, '31/05/2017 13:56:31'),
(550, '177.89.26.65', 721501, '31/05/2017 13:57:10'),
(551, '177.89.191.95', 720900, '31/05/2017 13:57:13'),
(552, '187.61.246.74', 720285, '31/05/2017 13:57:36'),
(553, '187.40.132.24', 720564, '31/05/2017 13:58:27'),
(554, '187.61.146.203', 721464, '31/05/2017 13:58:34'),
(555, '177.89.2.205', 720100, '31/05/2017 13:59:25'),
(556, '177.89.2.205', 720100, '31/05/2017 13:59:31'),
(557, '187.61.146.203', 1122, '31/05/2017 13:59:57'),
(558, '177.13.10.43', 721428, '31/05/2017 14:00:38'),
(559, '177.89.3.83', 720214, '31/05/2017 14:01:21'),
(560, '177.89.191.95', 720900, '31/05/2017 14:01:29'),
(561, '186.192.31.58', 721438, '31/05/2017 14:02:46'),
(562, '177.89.152.213', 721415, '31/05/2017 14:02:53'),
(563, '177.89.191.95', 720883, '31/05/2017 14:03:03'),
(564, '177.89.184.218', 720559, '31/05/2017 14:03:40'),
(565, '177.13.10.43', 721443, '31/05/2017 14:03:57'),
(566, '179.190.231.254', 720919, '31/05/2017 14:04:08'),
(567, '179.190.242.91', 721395, '31/05/2017 14:04:37'),
(568, '177.89.189.191', 721288, '31/05/2017 14:04:43'),
(569, '177.89.2.205', 720100, '31/05/2017 14:04:50'),
(570, '177.89.199.49', 721239, '31/05/2017 14:05:02'),
(571, '177.89.2.205', 720200, '31/05/2017 14:05:33'),
(572, '177.89.191.95', 720900, '31/05/2017 14:05:44'),
(573, '187.61.246.74', 721283, '31/05/2017 14:06:09'),
(574, '177.89.161.134', 721260, '31/05/2017 14:06:22'),
(575, '177.89.2.205', 720100, '31/05/2017 14:06:31'),
(576, '187.61.246.74', 720285, '31/05/2017 14:06:45'),
(577, '177.89.161.134', 721233, '31/05/2017 14:07:01'),
(578, '187.61.246.74', 721283, '31/05/2017 14:07:05'),
(579, '177.89.2.205', 720100, '31/05/2017 14:07:17'),
(580, '187.61.246.74', 721282, '31/05/2017 14:07:22'),
(581, '189.40.80.172', 720959, '31/05/2017 14:07:40'),
(582, '177.89.2.205', 720300, '31/05/2017 14:07:46'),
(583, '177.89.236.85', 720845, '31/05/2017 14:07:47'),
(584, '187.61.246.74', 721323, '31/05/2017 14:07:56'),
(585, '177.89.7.71', 720903, '31/05/2017 14:08:02'),
(586, '177.89.191.95', 720900, '31/05/2017 14:08:30'),
(587, '177.89.2.205', 720100, '31/05/2017 14:08:41'),
(588, '177.89.236.85', 720846, '31/05/2017 14:09:40'),
(589, '177.89.2.205', 720100, '31/05/2017 14:10:01'),
(590, '177.89.236.85', 720846, '31/05/2017 14:10:20'),
(591, '177.13.9.2', 720040, '31/05/2017 14:10:52'),
(592, '177.89.34.168', 721308, '31/05/2017 14:11:02'),
(593, '177.89.2.205', 720200, '31/05/2017 14:11:06'),
(594, '177.89.34.168', 721308, '31/05/2017 14:11:14'),
(595, '177.89.77.223', 720870, '31/05/2017 14:11:30'),
(596, '177.89.2.205', 720100, '31/05/2017 14:12:27'),
(597, '177.89.161.134', 720100, '31/05/2017 14:12:34'),
(598, '177.89.2.205', 720200, '31/05/2017 14:12:40'),
(599, '187.40.135.78', 720562, '31/05/2017 14:13:00'),
(600, '177.89.2.205', 720300, '31/05/2017 14:13:14'),
(601, '177.89.191.95', 720900, '31/05/2017 14:13:46'),
(602, '177.187.250.179', 721420, '31/05/2017 14:13:48'),
(603, '187.40.135.78', 720493, '31/05/2017 14:14:31'),
(604, '179.190.231.254', 720100, '31/05/2017 14:14:57'),
(605, '177.13.9.2', 720040, '31/05/2017 14:16:06'),
(606, '177.89.77.91', 720929, '31/05/2017 14:16:08'),
(607, '177.89.192.238', 721503, '31/05/2017 14:16:20'),
(608, '177.89.35.29', 720961, '31/05/2017 14:17:15'),
(609, '177.13.9.2', 720614, '31/05/2017 14:18:08'),
(610, '177.89.191.95', 720900, '31/05/2017 14:18:16'),
(611, '177.89.35.117', 720976, '31/05/2017 14:18:43'),
(612, '177.13.9.2', 721252, '31/05/2017 14:19:00'),
(613, '177.89.161.134', 721233, '31/05/2017 14:19:34'),
(614, '177.89.191.95', 720883, '31/05/2017 14:19:35'),
(615, '187.61.220.6', 721444, '31/05/2017 14:19:41'),
(616, '177.13.9.9', 720883, '31/05/2017 14:19:44'),
(617, '177.89.75.79', 721220, '31/05/2017 14:19:58'),
(618, '177.13.9.2', 720874, '31/05/2017 14:20:33'),
(619, '189.40.82.83', 720083, '31/05/2017 14:20:39'),
(620, '177.13.9.9', 720883, '31/05/2017 14:20:46'),
(621, '187.61.227.0', 720083, '31/05/2017 14:22:18'),
(622, '187.61.220.6', 721601, '31/05/2017 14:22:46'),
(623, '177.13.9.2', 720987, '31/05/2017 14:22:55'),
(624, '177.13.9.2', 720654, '31/05/2017 14:24:26'),
(625, '177.89.45.32', 720914, '31/05/2017 14:25:36'),
(626, '177.13.9.2', 720657, '31/05/2017 14:26:09'),
(627, '177.13.11.1', 721424, '31/05/2017 14:26:38'),
(628, '189.40.80.172', 720959, '31/05/2017 14:27:10'),
(629, '177.13.9.2', 720237, '31/05/2017 14:28:19'),
(630, '187.61.202.25', 721442, '31/05/2017 14:28:44'),
(631, '177.13.11.1', 721425, '31/05/2017 14:29:49'),
(632, '177.89.165.219', 721413, '31/05/2017 14:30:25'),
(633, '177.13.9.2', 721456, '31/05/2017 14:30:44'),
(634, '177.13.9.2', 721435, '31/05/2017 14:31:34'),
(635, '177.13.9.2', 721569, '31/05/2017 14:32:07'),
(636, '177.13.9.2', 721567, '31/05/2017 14:33:05'),
(637, '191.241.59.13', 721234, '31/05/2017 14:33:43'),
(638, '177.89.45.32', 720914, '31/05/2017 14:34:33'),
(639, '168.227.111.60', 721567, '31/05/2017 14:34:37'),
(640, '168.227.111.60', 721567, '31/05/2017 14:34:41'),
(641, '168.227.111.60', 721567, '31/05/2017 14:35:22'),
(642, '177.13.9.2', 721234, '31/05/2017 14:35:23'),
(643, '187.61.202.25', 721442, '31/05/2017 14:37:19'),
(644, '177.13.9.2', 721569, '31/05/2017 14:39:05'),
(645, '177.13.9.2', 721453, '31/05/2017 14:40:16'),
(646, '187.61.227.0', 720083, '31/05/2017 14:40:29'),
(647, '177.89.161.134', 720100, '31/05/2017 14:42:01'),
(648, '177.13.9.2', 721456, '31/05/2017 14:43:18'),
(649, '177.13.9.2', 721457, '31/05/2017 14:43:53'),
(650, '177.89.161.134', 721260, '31/05/2017 14:44:23'),
(651, '177.13.9.2', 721458, '31/05/2017 14:44:54'),
(652, '177.13.9.2', 721459, '31/05/2017 14:45:27'),
(653, '177.13.9.2', 721460, '31/05/2017 14:46:06'),
(654, '177.13.9.2', 721462, '31/05/2017 14:46:40'),
(655, '179.190.248.10', 720226, '31/05/2017 14:47:01'),
(656, '177.89.34.168', 721308, '31/05/2017 14:47:03'),
(657, '177.13.9.2', 721463, '31/05/2017 14:47:14'),
(658, '177.89.34.168', 721308, '31/05/2017 14:47:14'),
(659, '177.89.2.205', 720100, '31/05/2017 14:47:20'),
(660, '187.40.166.118', 721316, '31/05/2017 14:47:27'),
(661, '177.89.2.205', 720300, '31/05/2017 14:47:43'),
(662, '177.13.9.2', 721464, '31/05/2017 14:47:47'),
(663, '179.190.240.219', 720852, '31/05/2017 14:47:57'),
(664, '177.13.9.2', 721465, '31/05/2017 14:48:21'),
(665, '177.13.9.2', 721456, '31/05/2017 14:51:39'),
(666, '177.13.9.2', 721564, '31/05/2017 14:52:13'),
(667, '177.13.9.2', 720564, '31/05/2017 14:53:32'),
(668, '191.241.59.13', 721234, '31/05/2017 14:53:59'),
(669, '191.241.59.13', 721234, '31/05/2017 14:54:59'),
(670, '168.227.111.60', 721567, '31/05/2017 14:57:36'),
(671, '177.89.189.191', 721288, '31/05/2017 14:57:48'),
(672, '177.89.161.134', 721567, '31/05/2017 14:57:51'),
(673, '177.89.1.210', 720299, '31/05/2017 14:57:54'),
(674, '177.89.160.91', 720120, '31/05/2017 14:58:03'),
(675, '177.89.34.255', 720276, '31/05/2017 14:59:11'),
(676, '177.89.161.134', 721567, '31/05/2017 14:59:18'),
(677, '177.89.189.191', 721291, '31/05/2017 15:00:51'),
(678, '168.227.111.60', 721567, '31/05/2017 15:01:29'),
(679, '177.89.186.8', 720300, '31/05/2017 15:01:33'),
(680, '177.89.160.91', 720120, '31/05/2017 15:02:10'),
(681, '191.241.59.13', 721234, '31/05/2017 15:03:11'),
(682, '179.190.252.221', 721291, '31/05/2017 15:03:55'),
(683, '177.89.152.125', 721280, '31/05/2017 15:03:59'),
(684, '189.124.212.33', 721303, '31/05/2017 15:04:11'),
(685, '177.89.152.125', 720877, '31/05/2017 15:05:04'),
(686, '177.89.189.191', 721318, '31/05/2017 15:05:07'),
(687, '177.89.189.191', 721288, '31/05/2017 15:05:35'),
(688, '177.89.189.191', 721288, '31/05/2017 15:05:52'),
(689, '177.89.189.191', 721288, '31/05/2017 15:05:52'),
(690, '191.241.59.13', 721567, '31/05/2017 15:06:24'),
(691, '177.89.189.191', 721288, '31/05/2017 15:06:56'),
(692, '177.89.33.227', 720133, '31/05/2017 15:07:16'),
(693, '187.40.166.118', 721316, '31/05/2017 15:07:25'),
(694, '191.241.59.13', 721234, '31/05/2017 15:07:37'),
(695, '177.89.189.191', 721288, '31/05/2017 15:08:06'),
(696, '179.190.252.221', 721291, '31/05/2017 15:08:08'),
(697, '179.190.252.221', 721291, '31/05/2017 15:08:23'),
(698, '179.190.252.221', 721291, '31/05/2017 15:08:45'),
(699, '177.89.152.125', 721280, '31/05/2017 15:08:50'),
(700, '187.40.222.1', 720884, '31/05/2017 15:09:49'),
(701, '179.190.252.221', 721291, '31/05/2017 15:10:22'),
(702, '179.190.252.221', 721291, '31/05/2017 15:10:24'),
(703, '179.190.252.221', 721291, '31/05/2017 15:10:57'),
(704, '177.89.152.125', 721280, '31/05/2017 15:11:13'),
(705, '179.190.252.221', 721291, '31/05/2017 15:11:17'),
(706, '179.190.252.221', 721291, '31/05/2017 15:11:52'),
(707, '187.40.166.118', 720276, '31/05/2017 15:11:53'),
(708, '179.190.252.221', 721291, '31/05/2017 15:12:11'),
(709, '179.190.252.221', 721291, '31/05/2017 15:12:22'),
(710, '179.190.252.221', 721291, '31/05/2017 15:12:48'),
(711, '168.227.111.60', 721567, '31/05/2017 15:13:10'),
(712, '179.190.252.221', 721291, '31/05/2017 15:13:17'),
(713, '168.227.111.60', 721567, '31/05/2017 15:13:58'),
(714, '189.40.100.166', 720276, '31/05/2017 15:14:55'),
(715, '177.89.161.218', 720971, '31/05/2017 15:15:06'),
(716, '189.124.212.33', 721291, '31/05/2017 15:15:43'),
(717, '179.234.130.200', 721423, '31/05/2017 15:18:04'),
(718, '189.124.212.33', 721303, '31/05/2017 15:18:39'),
(719, '189.124.212.33', 721280, '31/05/2017 15:19:54'),
(720, '177.89.152.125', 720877, '31/05/2017 15:20:47'),
(721, '200.137.2.54', 720053, '31/05/2017 15:21:53'),
(722, '177.13.11.38', 720738, '31/05/2017 15:25:45'),
(723, '177.89.176.16', 720784, '31/05/2017 15:25:57'),
(724, '177.13.11.38', 720738, '31/05/2017 15:28:40'),
(725, '168.227.111.60', 721567, '31/05/2017 15:28:40'),
(726, '177.13.11.38', 720740, '31/05/2017 15:29:01'),
(727, '177.13.11.38', 720740, '31/05/2017 15:29:53'),
(728, '187.40.160.117', 721327, '31/05/2017 15:30:03'),
(729, '200.137.2.54', 11, '31/05/2017 15:33:13'),
(730, '179.190.252.221', 721291, '31/05/2017 15:34:51'),
(731, '177.89.2.205', 720300, '31/05/2017 15:35:22'),
(732, '187.40.160.117', 721327, '31/05/2017 15:35:26'),
(733, '177.89.2.205', 720100, '31/05/2017 15:36:34'),
(734, '179.234.130.200', 721423, '31/05/2017 15:36:47'),
(735, '189.124.211.189', 720836, '31/05/2017 15:38:25'),
(736, '177.65.221.126', 721223, '31/05/2017 15:38:51'),
(737, '177.89.2.205', 720110, '31/05/2017 15:40:18'),
(738, '177.89.2.205', 720120, '31/05/2017 15:40:35'),
(739, '177.89.2.205', 720130, '31/05/2017 15:40:49'),
(740, '179.156.1.92', 720645, '31/05/2017 15:40:53'),
(741, '187.40.160.117', 721450, '31/05/2017 15:41:10'),
(742, '177.89.2.205', 721000, '31/05/2017 15:42:02'),
(743, '177.89.161.218', 720971, '31/05/2017 15:42:57'),
(744, '177.13.11.10', 721268, '31/05/2017 15:44:18'),
(745, '177.89.211.159', 721325, '31/05/2017 15:49:31'),
(746, '187.61.254.168', 720556, '31/05/2017 16:02:19'),
(747, '201.9.112.120', 721611, '31/05/2017 16:02:44'),
(748, '187.61.254.168', 720535, '31/05/2017 16:03:57'),
(749, '201.9.112.120', 721611, '31/05/2017 16:04:17'),
(750, '177.89.180.27', 721568, '31/05/2017 16:05:06'),
(751, '177.89.190.107', 720097, '31/05/2017 16:05:07'),
(752, '201.9.112.120', 721611, '31/05/2017 16:07:32'),
(753, '177.89.34.168', 721307, '31/05/2017 16:08:02'),
(754, '177.89.77.7', 721294, '31/05/2017 16:15:11'),
(755, '179.156.28.20', 720051, '31/05/2017 16:25:00'),
(756, '201.9.112.120', 721611, '31/05/2017 16:28:29'),
(757, '179.156.28.20', 721307, '31/05/2017 16:29:17'),
(758, '177.89.191.95', 721463, '31/05/2017 16:30:22'),
(759, '179.156.28.20', 721463, '31/05/2017 16:30:36'),
(760, '177.89.191.95', 720900, '31/05/2017 16:30:59'),
(761, '177.89.191.95', 720883, '31/05/2017 16:31:24'),
(762, '179.156.28.20', 721463, '31/05/2017 16:32:26'),
(763, '179.156.28.20', 721307, '31/05/2017 16:33:09'),
(764, '179.156.28.20', 720051, '31/05/2017 16:33:58'),
(765, '177.89.185.106', 720959, '31/05/2017 16:39:52'),
(766, '179.190.240.219', 720852, '31/05/2017 16:40:29'),
(767, '177.89.47.224', 721300, '31/05/2017 16:42:00'),
(768, '177.89.34.168', 721307, '31/05/2017 16:42:27'),
(769, '177.89.34.168', 720051, '31/05/2017 16:43:25'),
(770, '177.89.34.168', 721463, '31/05/2017 16:43:55'),
(771, '177.89.189.191', 721288, '31/05/2017 16:45:08'),
(772, '187.61.202.25', 721442, '31/05/2017 16:50:33'),
(773, '186.192.31.58', 721524, '31/05/2017 16:51:40'),
(774, '177.89.183.225', 721439, '31/05/2017 17:03:19'),
(775, '186.192.30.189', 721524, '31/05/2017 17:05:59'),
(776, '177.89.75.115', 721446, '31/05/2017 17:17:13'),
(777, '177.89.75.115', 721446, '31/05/2017 17:19:45'),
(778, '177.89.75.115', 721446, '31/05/2017 17:20:22'),
(779, '177.89.75.115', 721446, '31/05/2017 17:20:24'),
(780, '177.89.75.115', 721446, '31/05/2017 17:23:01'),
(781, '177.89.75.115', 721446, '31/05/2017 17:23:02'),
(782, '177.89.47.224', 721300, '31/05/2017 17:23:47'),
(783, '177.118.136.26', 721519, '31/05/2017 17:30:35'),
(784, '177.118.136.26', 721519, '31/05/2017 17:32:16'),
(785, '189.40.64.239', 720025, '31/05/2017 17:32:49'),
(786, '189.40.64.239', 720026, '31/05/2017 17:36:00'),
(787, '177.118.136.26', 721517, '31/05/2017 17:39:10'),
(788, '177.89.78.16', 720014, '31/05/2017 17:40:51'),
(789, '177.89.2.109', 721434, '31/05/2017 17:46:25'),
(790, '179.211.183.254', 721414, '31/05/2017 17:46:39'),
(791, '177.89.149.155', 720787, '31/05/2017 17:47:17'),
(792, '187.61.143.59', 720875, '31/05/2017 17:51:58'),
(793, '177.89.153.5', 721331, '31/05/2017 17:52:06'),
(794, '179.211.183.254', 721414, '31/05/2017 17:53:19'),
(795, '177.13.9.2', 720620, '31/05/2017 17:53:46'),
(796, '177.89.47.224', 721300, '31/05/2017 17:53:48'),
(797, '179.211.183.254', 721414, '31/05/2017 17:55:43'),
(798, '177.89.149.155', 720787, '31/05/2017 17:56:44'),
(799, '187.61.230.179', 721180, '31/05/2017 17:57:45'),
(800, '177.89.149.155', 721194, '31/05/2017 17:57:53'),
(801, '177.89.149.155', 721216, '31/05/2017 17:59:25'),
(802, '187.61.202.25', 721442, '31/05/2017 18:00:53'),
(803, '179.211.183.254', 721414, '31/05/2017 18:03:07'),
(804, '179.211.183.254', 721414, '31/05/2017 18:05:28'),
(805, '177.13.9.2', 720237, '31/05/2017 18:05:56'),
(806, '187.61.230.179', 721280, '31/05/2017 18:08:21'),
(807, '187.61.230.179', 721180, '31/05/2017 18:09:59'),
(808, '187.61.202.25', 721442, '31/05/2017 18:11:51'),
(809, '179.69.117.158', 721672, '31/05/2017 18:21:49'),
(810, '179.190.243.105', 720537, '31/05/2017 18:23:04'),
(811, '179.190.242.83', 720695, '31/05/2017 18:25:10'),
(812, '177.89.164.178', 721445, '31/05/2017 18:26:40'),
(813, '177.89.122.51', 720537, '31/05/2017 18:26:49'),
(814, '186.209.111.193', 721069, '31/05/2017 18:27:52'),
(815, '186.209.111.193', 721234, '31/05/2017 18:28:54'),
(816, '187.61.241.6', 721275, '31/05/2017 18:30:56'),
(817, '187.61.241.6', 721275, '31/05/2017 18:30:56'),
(818, '179.190.198.141', 721089, '31/05/2017 18:31:54'),
(819, '179.240.135.78', 721672, '31/05/2017 18:33:46'),
(820, '179.190.201.32', 720909, '31/05/2017 18:38:35'),
(821, '187.40.170.147', 721312, '31/05/2017 18:38:37'),
(822, '179.240.135.78', 721672, '31/05/2017 18:38:58'),
(823, '179.240.135.78', 721672, '31/05/2017 18:39:30'),
(824, '179.240.135.78', 721672, '31/05/2017 18:40:50'),
(825, '179.240.135.78', 721672, '31/05/2017 18:41:25'),
(826, '179.240.135.78', 721672, '31/05/2017 18:44:42'),
(827, '179.240.135.78', 721672, '31/05/2017 18:44:46'),
(828, '179.240.135.78', 721672, '31/05/2017 18:44:54'),
(829, '177.89.8.243', 720294, '31/05/2017 18:45:04'),
(830, '179.240.135.78', 721672, '31/05/2017 18:45:25'),
(831, '179.240.135.78', 721672, '31/05/2017 18:46:02'),
(832, '179.240.135.78', 721672, '31/05/2017 18:46:11'),
(833, '179.234.130.200', 721473, '31/05/2017 18:49:28'),
(834, '177.89.77.223', 720870, '31/05/2017 18:49:37'),
(835, '177.89.77.223', 720870, '31/05/2017 18:51:25'),
(836, '177.89.2.205', 720100, '31/05/2017 18:57:45'),
(837, '177.89.128.22', 721561, '31/05/2017 19:09:13'),
(838, '179.156.0.63', 721460, '31/05/2017 19:18:17'),
(839, '179.190.206.78', 720100, '31/05/2017 19:20:06'),
(840, '179.190.206.78', 720620, '31/05/2017 19:22:20'),
(841, '177.89.164.178', 721447, '31/05/2017 19:36:48'),
(842, '186.250.21.243', 721199, '31/05/2017 19:39:26'),
(843, '179.190.198.141', 721089, '31/05/2017 19:40:11'),
(844, '179.190.198.141', 721089, '31/05/2017 19:40:39'),
(845, '179.190.131.173', 721212, '31/05/2017 19:42:34'),
(846, '179.190.206.78', 11, '31/05/2017 19:46:02'),
(847, '179.190.206.78', 721305, '31/05/2017 19:54:02'),
(848, '189.40.65.249', 721227, '31/05/2017 20:08:09'),
(849, '189.40.65.249', 721195, '31/05/2017 20:16:19'),
(850, '189.40.65.249', 721227, '31/05/2017 20:18:37'),
(851, '179.190.206.78', 721234, '31/05/2017 20:29:26'),
(852, '177.89.125.177', 721507, '31/05/2017 20:33:02'),
(853, '179.190.206.78', 721211, '31/05/2017 20:35:09'),
(854, '179.190.206.78', 720918, '31/05/2017 20:37:49'),
(855, '177.89.77.246', 720098, '31/05/2017 20:38:28'),
(856, '179.190.206.78', 720045, '31/05/2017 20:40:13'),
(857, '179.190.206.78', 720916, '31/05/2017 20:42:08'),
(858, '179.190.206.78', 11, '31/05/2017 20:44:17'),
(859, '177.89.33.245', 720705, '31/05/2017 20:51:42'),
(860, '177.89.153.2', 720725, '31/05/2017 20:58:55'),
(861, '189.124.212.2', 721525, '31/05/2017 21:00:58'),
(862, '177.89.177.114', 721525, '31/05/2017 21:04:59'),
(863, '186.192.20.64', 720880, '31/05/2017 21:05:00'),
(864, '177.89.177.114', 721525, '31/05/2017 21:07:11'),
(865, '189.124.212.2', 721407, '31/05/2017 21:07:56'),
(866, '177.89.153.87', 721055, '31/05/2017 21:09:07'),
(867, '187.40.156.136', 720404, '31/05/2017 21:13:35'),
(868, '179.190.206.78', 11, '31/05/2017 21:15:10'),
(869, '177.89.153.87', 721050, '31/05/2017 21:15:24'),
(870, '177.89.153.87', 721050, '31/05/2017 21:16:36'),
(871, '189.124.212.2', 721408, '31/05/2017 21:17:06'),
(872, '186.192.20.64', 720880, '31/05/2017 21:18:04'),
(873, '177.89.148.17', 721432, '31/05/2017 21:21:05'),
(874, '179.190.206.78', 2233, '31/05/2017 21:22:44'),
(875, '177.89.148.17', 721432, '31/05/2017 21:23:37'),
(876, '186.192.20.64', 720880, '31/05/2017 21:26:45'),
(877, '177.89.8.243', 720294, '31/05/2017 21:31:35'),
(878, '177.89.8.243', 720315, '31/05/2017 21:35:44'),
(879, '179.190.254.173', 720931, '31/05/2017 21:38:51'),
(880, '177.89.8.243', 720294, '31/05/2017 21:42:06'),
(881, '177.89.233.244', 721507, '31/05/2017 21:43:53'),
(882, '177.13.9.2', 721220, '31/05/2017 21:51:56'),
(883, '177.13.9.2', 720620, '31/05/2017 21:53:17'),
(884, '177.13.9.2', 720620, '31/05/2017 21:53:39'),
(885, '177.13.9.2', 720620, '31/05/2017 21:55:10'),
(886, '177.13.9.2', 720654, '31/05/2017 21:55:29'),
(887, '187.61.146.203', 721464, '31/05/2017 22:03:00'),
(888, '186.250.22.98', 721441, '31/05/2017 22:03:02'),
(889, '179.190.206.78', 720676, '31/05/2017 22:05:31'),
(890, '177.89.8.243', 720246, '31/05/2017 22:05:37'),
(891, '179.190.206.78', 2233, '31/05/2017 22:06:57'),
(892, '201.9.118.241', 721220, '31/05/2017 22:10:42'),
(893, '201.9.118.241', 720641, '31/05/2017 22:12:06'),
(894, '201.9.118.241', 721220, '31/05/2017 22:13:53'),
(895, '177.89.159.58', 720676, '31/05/2017 22:16:26'),
(896, '179.190.206.78', 2233, '31/05/2017 22:21:12'),
(897, '201.9.118.241', 720641, '31/05/2017 22:25:16'),
(898, '177.89.159.58', 720676, '31/05/2017 22:25:30'),
(899, '177.89.78.16', 721174, '31/05/2017 22:43:48'),
(900, '179.190.206.78', 72000, '31/05/2017 22:52:28'),
(901, '186.209.111.182', 720739, '31/05/2017 22:53:24'),
(902, '179.190.206.78', 1122, '31/05/2017 22:54:30'),
(903, '179.190.206.78', 720100, '31/05/2017 23:11:41'),
(904, '179.190.206.78', 1122, '31/05/2017 23:14:19'),
(905, '177.89.189.1', 721502, '31/05/2017 23:18:55'),
(906, '177.13.9.2', 720654, '31/05/2017 23:20:25'),
(907, '177.193.109.16', 720651, '31/05/2017 23:44:13'),
(908, '177.89.8.243', 720294, '01/06/2017 04:41:35'),
(909, '177.89.185.106', 720959, '01/06/2017 06:19:02'),
(910, '189.40.80.155', 721195, '01/06/2017 06:37:02'),
(911, '177.89.72.249', 721446, '01/06/2017 07:05:11'),
(912, '179.240.148.14', 720218, '01/06/2017 07:06:41'),
(913, '189.40.80.138', 721228, '01/06/2017 07:10:02'),
(914, '177.89.77.49', 720620, '01/06/2017 07:10:42'),
(915, '177.89.72.249', 721202, '01/06/2017 07:11:48'),
(916, '189.40.65.195', 721228, '01/06/2017 07:12:56'),
(917, '177.89.77.49', 720884, '01/06/2017 07:17:28'),
(918, '177.89.77.49', 721046, '01/06/2017 07:20:22'),
(919, '189.92.229.8', 720286, '01/06/2017 07:27:51'),
(920, '179.240.180.52', 720785, '01/06/2017 07:30:19'),
(921, '189.92.229.8', 720905, '01/06/2017 07:30:55'),
(922, '177.89.77.49', 720884, '01/06/2017 07:50:57'),
(923, '177.89.77.49', 720884, '01/06/2017 08:00:12'),
(924, '189.40.66.185', 721571, '01/06/2017 08:02:41'),
(925, '189.40.66.185', 721566, '01/06/2017 08:03:06'),
(926, '177.89.77.49', 721046, '01/06/2017 08:04:37'),
(927, '189.40.81.55', 721566, '01/06/2017 08:05:29'),
(928, '189.40.81.55', 721228, '01/06/2017 08:05:31'),
(929, '177.89.77.49', 721464, '01/06/2017 08:07:44'),
(930, '177.89.72.249', 720053, '01/06/2017 08:07:50'),
(931, '177.89.77.49', 721046, '01/06/2017 08:08:31'),
(932, '177.89.72.249', 721437, '01/06/2017 08:08:44'),
(933, '189.67.198.8', 721449, '01/06/2017 08:11:30'),
(934, '177.89.72.249', 721464, '01/06/2017 08:12:40'),
(935, '177.89.72.249', 721464, '01/06/2017 08:12:51'),
(936, '189.67.198.8', 721459, '01/06/2017 08:18:43'),
(937, '189.67.198.8', 721459, '01/06/2017 08:19:41'),
(938, '189.40.80.13', 721570, '01/06/2017 08:47:21'),
(939, '200.141.128.32', 721566, '01/06/2017 08:47:35'),
(940, '177.89.72.249', 721223, '01/06/2017 08:48:48'),
(941, '177.89.72.249', 721223, '01/06/2017 08:50:19'),
(942, '177.89.72.249', 721223, '01/06/2017 08:50:40'),
(943, '177.89.72.249', 721223, '01/06/2017 08:51:36');
INSERT INTO `log` (`id_log`, `ip_log`, `user_log`, `timestamp_log`) VALUES
(944, '200.141.128.32', 1122, '01/06/2017 08:51:41'),
(945, '177.89.72.249', 721223, '01/06/2017 08:52:32'),
(946, '177.89.72.249', 721223, '01/06/2017 08:52:59'),
(947, '189.124.211.189', 720019, '01/06/2017 08:53:40'),
(948, '189.124.211.189', 720957, '01/06/2017 08:53:43'),
(949, '189.124.211.189', 720025, '01/06/2017 08:54:27'),
(950, '189.40.80.13', 721450, '01/06/2017 08:57:29'),
(951, '189.40.80.13', 721570, '01/06/2017 08:59:13'),
(952, '189.40.80.13', 721450, '01/06/2017 08:59:45'),
(953, '189.40.80.13', 721450, '01/06/2017 09:00:09'),
(954, '179.71.221.24', 720346, '01/06/2017 09:00:11'),
(955, '177.89.72.249', 720059, '01/06/2017 09:01:26'),
(956, '189.124.211.189', 721232, '01/06/2017 09:02:07'),
(957, '189.40.80.13', 721450, '01/06/2017 09:04:09'),
(958, '189.124.211.189', 720870, '01/06/2017 09:04:52'),
(959, '189.40.80.13', 721450, '01/06/2017 09:05:16'),
(960, '189.124.211.189', 720046, '01/06/2017 09:06:45'),
(961, '189.124.211.189', 721194, '01/06/2017 09:09:50'),
(962, '189.124.211.189', 721191, '01/06/2017 09:10:36'),
(963, '189.124.211.189', 721191, '01/06/2017 09:10:47'),
(964, '189.124.211.189', 720010, '01/06/2017 09:13:06'),
(965, '189.124.211.189', 721070, '01/06/2017 09:15:24'),
(966, '189.124.211.189', 720046, '01/06/2017 09:18:45'),
(967, '189.124.211.189', 720207, '01/06/2017 09:22:08'),
(968, '189.124.211.189', 720892, '01/06/2017 09:23:21'),
(969, '189.124.211.189', 720235, '01/06/2017 09:27:12'),
(970, '189.124.211.189', 720816, '01/06/2017 09:30:56'),
(971, '189.124.211.189', 720185, '01/06/2017 09:31:54'),
(972, '179.240.133.26', 720228, '01/06/2017 09:38:28'),
(973, '189.40.82.249', 720650, '01/06/2017 09:38:32'),
(974, '187.40.164.216', 721443, '01/06/2017 09:50:26'),
(975, '187.40.164.216', 721414, '01/06/2017 09:51:11'),
(976, '177.89.77.49', 720951, '01/06/2017 09:56:58'),
(977, '177.89.77.49', 720951, '01/06/2017 10:00:38'),
(978, '177.89.8.243', 720294, '01/06/2017 10:05:48'),
(979, '177.89.43.57', 720805, '01/06/2017 10:06:17'),
(980, '177.89.78.16', 720014, '01/06/2017 10:08:17'),
(981, '177.89.78.16', 721174, '01/06/2017 10:09:15'),
(982, '177.89.78.16', 720014, '01/06/2017 10:12:44'),
(983, '177.89.78.16', 720014, '01/06/2017 10:13:12'),
(984, '179.190.227.198', 720641, '01/06/2017 10:13:50'),
(985, '177.89.78.16', 720344, '01/06/2017 10:14:13'),
(986, '177.89.78.16', 721033, '01/06/2017 10:15:50'),
(987, '179.190.227.198', 721220, '01/06/2017 10:16:08'),
(988, '177.89.78.16', 720344, '01/06/2017 10:19:01'),
(989, '177.89.78.16', 721174, '01/06/2017 10:20:26'),
(990, '179.240.165.85', 720510, '01/06/2017 10:21:00'),
(991, '179.190.227.198', 721220, '01/06/2017 10:21:53'),
(992, '179.240.165.85', 720510, '01/06/2017 10:23:35'),
(993, '179.240.165.85', 720510, '01/06/2017 10:24:23'),
(994, '179.240.165.85', 720833, '01/06/2017 10:25:42'),
(995, '189.40.82.27', 720292, '01/06/2017 10:26:37'),
(996, '179.240.165.85', 720510, '01/06/2017 10:27:07'),
(997, '179.240.165.85', 720996, '01/06/2017 10:27:47'),
(998, '179.240.165.85', 720510, '01/06/2017 10:28:54'),
(999, '189.40.82.27', 720292, '01/06/2017 10:29:55'),
(1000, '179.240.165.85', 720996, '01/06/2017 10:29:55'),
(1001, '179.240.165.85', 721441, '01/06/2017 10:30:51'),
(1002, '179.240.165.85', 720996, '01/06/2017 10:31:35'),
(1003, '177.89.72.249', 721254, '01/06/2017 10:35:40'),
(1004, '189.40.67.214', 720292, '01/06/2017 10:36:13'),
(1005, '189.40.101.139', 721269, '01/06/2017 10:36:23'),
(1006, '189.40.67.214', 720292, '01/06/2017 10:36:24'),
(1007, '189.40.67.214', 720292, '01/06/2017 10:36:42'),
(1008, '187.40.164.216', 720292, '01/06/2017 10:37:08'),
(1009, '187.40.164.216', 721414, '01/06/2017 10:38:17'),
(1010, '189.40.80.13', 721450, '01/06/2017 10:43:32'),
(1011, '177.89.77.49', 720302, '01/06/2017 10:44:53'),
(1012, '179.196.101.77', 721427, '01/06/2017 10:45:49'),
(1013, '189.40.80.13', 721570, '01/06/2017 10:46:08'),
(1014, '189.40.101.139', 721061, '01/06/2017 10:46:28'),
(1015, '189.40.80.13', 721030, '01/06/2017 10:50:07'),
(1016, '189.40.80.13', 721450, '01/06/2017 10:51:56'),
(1017, '177.89.77.49', 720083, '01/06/2017 10:52:26'),
(1018, '189.40.80.13', 721570, '01/06/2017 10:53:18'),
(1019, '177.89.77.49', 720083, '01/06/2017 10:53:21'),
(1020, '177.89.77.49', 720315, '01/06/2017 10:53:23'),
(1021, '189.40.80.13', 720963, '01/06/2017 10:54:44'),
(1022, '177.89.77.49', 720900, '01/06/2017 10:55:24'),
(1023, '189.40.80.13', 720695, '01/06/2017 10:55:53'),
(1024, '189.40.80.13', 721450, '01/06/2017 10:56:39'),
(1025, '177.89.77.49', 720900, '01/06/2017 10:57:19'),
(1026, '177.89.77.49', 720883, '01/06/2017 10:57:55'),
(1027, '177.89.77.49', 720929, '01/06/2017 10:58:15'),
(1028, '177.89.77.49', 720929, '01/06/2017 10:58:29'),
(1029, '177.89.77.49', 720929, '01/06/2017 10:58:38'),
(1030, '179.68.179.195', 721680, '01/06/2017 10:59:01'),
(1031, '189.40.67.214', 721463, '01/06/2017 11:02:26'),
(1032, '179.74.29.142', 721228, '01/06/2017 11:02:41'),
(1033, '179.74.29.142', 721228, '01/06/2017 11:03:42'),
(1034, '189.40.67.214', 721463, '01/06/2017 11:04:22'),
(1035, '177.89.77.49', 720884, '01/06/2017 11:04:23'),
(1036, '177.89.77.49', 720884, '01/06/2017 11:04:44'),
(1037, '189.40.67.214', 721307, '01/06/2017 11:04:51'),
(1038, '152.236.109.152', 720786, '01/06/2017 11:04:59'),
(1039, '177.89.77.49', 720884, '01/06/2017 11:05:09'),
(1040, '189.40.67.214', 720051, '01/06/2017 11:05:46'),
(1041, '179.68.179.195', 720739, '01/06/2017 11:05:52'),
(1042, '177.89.75.169', 721507, '01/06/2017 11:05:57'),
(1043, '179.240.145.63', 720510, '01/06/2017 11:06:37'),
(1044, '179.70.144.157', 720348, '01/06/2017 11:06:43'),
(1045, '189.40.101.139', 720725, '01/06/2017 11:06:46'),
(1046, '179.68.179.195', 721427, '01/06/2017 11:07:20'),
(1047, '179.240.145.63', 720833, '01/06/2017 11:07:21'),
(1048, '177.89.77.49', 721046, '01/06/2017 11:07:22'),
(1049, '187.40.164.216', 720301, '01/06/2017 11:08:03'),
(1050, '189.40.101.139', 721430, '01/06/2017 11:08:25'),
(1051, '177.89.77.49', 720884, '01/06/2017 11:08:34'),
(1052, '179.70.144.157', 721312, '01/06/2017 11:09:05'),
(1053, '177.89.77.49', 721046, '01/06/2017 11:09:12'),
(1054, '179.68.179.195', 721680, '01/06/2017 11:10:47'),
(1055, '189.40.101.139', 721460, '01/06/2017 11:12:30'),
(1056, '187.40.164.216', 11, '01/06/2017 11:13:09'),
(1057, '179.68.179.195', 721427, '01/06/2017 11:13:42'),
(1058, '177.89.75.169', 721052, '01/06/2017 11:14:54'),
(1059, '179.68.179.195', 720739, '01/06/2017 11:15:38'),
(1060, '177.89.77.49', 720605, '01/06/2017 11:16:27'),
(1061, '179.68.179.195', 721427, '01/06/2017 11:17:21'),
(1062, '189.40.101.139', 720719, '01/06/2017 11:19:08'),
(1063, '179.68.179.195', 721680, '01/06/2017 11:19:15'),
(1064, '189.40.101.139', 720584, '01/06/2017 11:20:05'),
(1065, '179.76.199.161', 721301, '01/06/2017 11:24:52'),
(1066, '189.124.212.70', 721456, '01/06/2017 11:25:46'),
(1067, '189.124.212.70', 721493, '01/06/2017 11:27:22'),
(1068, '177.89.72.249', 720555, '01/06/2017 11:31:58'),
(1069, '179.190.242.83', 720695, '01/06/2017 11:41:28'),
(1070, '179.190.242.83', 721450, '01/06/2017 11:42:39'),
(1071, '179.190.242.83', 721450, '01/06/2017 11:42:42'),
(1072, '179.190.242.83', 721450, '01/06/2017 11:42:50'),
(1073, '179.190.242.83', 721450, '01/06/2017 11:42:55'),
(1074, '179.190.242.83', 721450, '01/06/2017 11:43:06'),
(1075, '177.89.77.246', 720098, '01/06/2017 11:49:32'),
(1076, '177.89.77.100', 721202, '01/06/2017 11:55:35'),
(1077, '179.234.130.200', 721473, '01/06/2017 12:04:36'),
(1078, '177.13.9.6', 721443, '01/06/2017 12:06:39'),
(1079, '177.13.9.6', 721443, '01/06/2017 12:11:47'),
(1080, '186.250.19.126', 721030, '01/06/2017 12:30:33'),
(1081, '177.89.72.249', 720100, '01/06/2017 12:41:45'),
(1082, '179.156.0.63', 721460, '01/06/2017 12:41:49'),
(1083, '177.89.72.249', 720626, '01/06/2017 12:42:43'),
(1084, '177.89.166.173', 720441, '01/06/2017 12:43:07'),
(1085, '179.211.183.254', 721414, '01/06/2017 12:43:08'),
(1086, '179.211.183.254', 721414, '01/06/2017 12:45:31'),
(1087, '179.211.183.254', 721414, '01/06/2017 12:46:09'),
(1088, '189.40.80.155', 721041, '01/06/2017 12:47:33'),
(1089, '179.234.130.200', 721473, '01/06/2017 12:49:26'),
(1090, '186.192.28.47', 721567, '01/06/2017 12:50:42'),
(1091, '186.192.28.47', 721567, '01/06/2017 12:50:48'),
(1092, '186.192.28.47', 721567, '01/06/2017 12:50:49'),
(1093, '186.192.28.47', 721567, '01/06/2017 12:50:49'),
(1094, '186.192.28.47', 721567, '01/06/2017 12:50:51'),
(1095, '186.192.28.47', 721567, '01/06/2017 12:50:51'),
(1096, '186.192.28.47', 721567, '01/06/2017 12:52:30'),
(1097, '186.192.28.47', 721567, '01/06/2017 12:52:30'),
(1098, '186.192.28.47', 721567, '01/06/2017 12:52:32'),
(1099, '186.192.28.47', 721567, '01/06/2017 12:52:34'),
(1100, '186.192.28.47', 721567, '01/06/2017 12:52:35'),
(1101, '186.192.28.47', 721567, '01/06/2017 12:52:35'),
(1102, '186.192.28.47', 721567, '01/06/2017 12:52:35'),
(1103, '186.192.28.47', 721567, '01/06/2017 12:52:35'),
(1104, '186.192.28.47', 721567, '01/06/2017 12:52:37'),
(1105, '186.192.28.47', 721567, '01/06/2017 12:52:41'),
(1106, '186.192.28.47', 721567, '01/06/2017 12:52:41'),
(1107, '186.192.28.47', 721567, '01/06/2017 12:52:41'),
(1108, '186.192.28.47', 721567, '01/06/2017 12:52:47'),
(1109, '186.192.28.47', 721567, '01/06/2017 12:52:49'),
(1110, '186.192.28.47', 721567, '01/06/2017 12:52:49'),
(1111, '186.192.28.47', 721567, '01/06/2017 12:52:49'),
(1112, '186.192.28.47', 721567, '01/06/2017 12:52:49'),
(1113, '186.192.28.47', 721567, '01/06/2017 12:52:50'),
(1114, '186.192.28.47', 721567, '01/06/2017 12:52:50'),
(1115, '186.192.28.47', 721567, '01/06/2017 12:52:51'),
(1116, '186.192.28.47', 721567, '01/06/2017 12:52:53'),
(1117, '186.192.28.47', 721567, '01/06/2017 12:52:53'),
(1118, '189.40.80.155', 721221, '01/06/2017 13:00:18'),
(1119, '189.40.103.120', 720025, '01/06/2017 13:01:40'),
(1120, '177.13.9.2', 720620, '01/06/2017 13:06:59'),
(1121, '177.13.9.2', 720998, '01/06/2017 13:08:27'),
(1122, '177.13.9.2', 720620, '01/06/2017 13:08:57'),
(1123, '189.40.103.120', 720025, '01/06/2017 13:09:45'),
(1124, '177.89.2.205', 720100, '01/06/2017 13:15:04'),
(1125, '179.190.241.187', 721520, '01/06/2017 13:17:19'),
(1126, '187.61.254.168', 720535, '01/06/2017 13:17:37'),
(1127, '177.89.194.126', 720874, '01/06/2017 13:18:32'),
(1128, '177.13.9.2', 720040, '01/06/2017 13:18:50'),
(1129, '177.89.176.255', 720900, '01/06/2017 13:19:52'),
(1130, '177.13.9.2', 721252, '01/06/2017 13:21:42'),
(1131, '177.13.9.2', 720874, '01/06/2017 13:24:25'),
(1132, '177.13.9.2', 720614, '01/06/2017 13:28:38'),
(1133, '186.192.28.47', 721567, '01/06/2017 13:29:39'),
(1134, '186.192.28.47', 721567, '01/06/2017 13:29:55'),
(1135, '186.192.28.47', 721567, '01/06/2017 13:29:57'),
(1136, '186.192.28.47', 721567, '01/06/2017 13:29:57'),
(1137, '186.192.28.47', 721567, '01/06/2017 13:30:56'),
(1138, '186.192.28.47', 721567, '01/06/2017 13:31:29'),
(1139, '186.192.28.47', 721567, '01/06/2017 13:31:57'),
(1140, '179.234.130.200', 721473, '01/06/2017 13:32:29'),
(1141, '179.234.130.200', 721473, '01/06/2017 13:38:14'),
(1142, '186.192.28.47', 721567, '01/06/2017 13:39:20'),
(1143, '186.192.28.47', 721567, '01/06/2017 13:39:23'),
(1144, '186.192.28.47', 721567, '01/06/2017 13:39:28'),
(1145, '186.192.28.47', 721567, '01/06/2017 13:40:02'),
(1146, '186.192.28.47', 721567, '01/06/2017 13:40:04'),
(1147, '186.192.28.47', 721567, '01/06/2017 13:40:05'),
(1148, '186.192.28.47', 721567, '01/06/2017 13:40:12'),
(1149, '186.192.28.47', 721567, '01/06/2017 13:40:25'),
(1150, '177.89.163.12', 721226, '01/06/2017 13:41:02'),
(1151, '179.156.4.78', 721207, '01/06/2017 13:41:13'),
(1152, '177.89.75.79', 721202, '01/06/2017 13:41:31'),
(1153, '186.192.28.47', 721567, '01/06/2017 13:41:35'),
(1154, '177.89.152.125', 720877, '01/06/2017 13:42:37'),
(1155, '177.89.75.79', 721226, '01/06/2017 13:42:47'),
(1156, '177.89.75.79', 721202, '01/06/2017 13:46:19'),
(1157, '177.89.163.12', 721226, '01/06/2017 13:47:57'),
(1158, '179.190.133.220', 720027, '01/06/2017 13:52:55'),
(1159, '179.190.242.83', 720027, '01/06/2017 13:54:36'),
(1160, '189.42.221.178', 720290, '01/06/2017 13:55:01'),
(1161, '177.89.75.79', 721226, '01/06/2017 13:58:06'),
(1162, '191.241.59.24', 721214, '01/06/2017 14:07:31'),
(1163, '189.124.213.135', 720896, '01/06/2017 14:11:42'),
(1164, '177.89.75.79', 721220, '01/06/2017 14:12:02'),
(1165, '177.89.75.79', 721202, '01/06/2017 14:12:54'),
(1166, '177.89.161.134', 721260, '01/06/2017 14:14:28'),
(1167, '191.241.59.24', 721214, '01/06/2017 14:18:28'),
(1168, '177.89.161.134', 721233, '01/06/2017 14:20:46'),
(1169, '177.89.57.191', 720909, '01/06/2017 14:32:22'),
(1170, '177.89.164.202', 721531, '01/06/2017 14:56:14'),
(1171, '177.89.57.191', 720909, '01/06/2017 15:03:56'),
(1172, '177.89.72.249', 720732, '01/06/2017 15:26:43'),
(1173, '177.89.72.249', 720732, '01/06/2017 15:28:56'),
(1174, '177.89.72.249', 721180, '01/06/2017 15:30:11'),
(1175, '189.124.211.189', 721509, '01/06/2017 15:34:05'),
(1176, '189.124.213.180', 720288, '01/06/2017 15:35:16'),
(1177, '187.40.165.79', 721565, '01/06/2017 15:37:02'),
(1178, '179.190.254.173', 720931, '01/06/2017 15:38:49'),
(1179, '187.40.165.79', 721565, '01/06/2017 15:40:54'),
(1180, '191.45.164.102', 1122, '01/06/2017 15:44:32'),
(1181, '177.89.191.95', 720900, '01/06/2017 16:04:11'),
(1182, '177.89.57.191', 720909, '01/06/2017 16:05:41'),
(1183, '189.40.83.158', 721061, '01/06/2017 16:21:27'),
(1184, '179.190.201.32', 720766, '01/06/2017 16:45:28'),
(1185, '179.190.201.32', 720909, '01/06/2017 16:47:27'),
(1186, '187.40.170.147', 720298, '01/06/2017 16:47:57'),
(1187, '179.190.201.32', 721309, '01/06/2017 16:47:58'),
(1188, '179.190.201.32', 721325, '01/06/2017 16:48:28'),
(1189, '179.190.201.32', 721309, '01/06/2017 16:49:16'),
(1190, '177.89.57.191', 720909, '01/06/2017 16:49:51'),
(1191, '187.40.159.83', 721450, '01/06/2017 17:07:34'),
(1192, '187.40.159.83', 721450, '01/06/2017 17:07:46'),
(1193, '187.40.159.83', 721450, '01/06/2017 17:08:10'),
(1194, '187.40.159.83', 721450, '01/06/2017 17:09:06'),
(1195, '187.40.159.83', 721450, '01/06/2017 17:09:52'),
(1196, '187.40.159.83', 721450, '01/06/2017 17:10:15'),
(1197, '187.40.159.83', 721450, '01/06/2017 17:13:29'),
(1198, '177.89.2.205', 720100, '01/06/2017 17:15:05'),
(1199, '177.65.221.126', 721223, '01/06/2017 17:15:27'),
(1200, '189.124.211.215', 720274, '01/06/2017 17:18:03'),
(1201, '187.40.163.16', 720317, '01/06/2017 17:23:58'),
(1202, '187.40.163.16', 720317, '01/06/2017 17:26:40'),
(1203, '179.68.150.68', 721432, '01/06/2017 17:37:54'),
(1204, '177.89.191.95', 720900, '01/06/2017 17:40:00'),
(1205, '179.190.201.32', 721265, '01/06/2017 17:50:01'),
(1206, '187.40.149.148', 720951, '01/06/2017 17:50:46'),
(1207, '179.68.99.31', 721432, '01/06/2017 17:54:40'),
(1208, '177.89.41.110', 720735, '01/06/2017 18:04:46'),
(1209, '179.190.249.153', 721257, '01/06/2017 18:33:36'),
(1210, '177.216.1.61', 720200, '01/06/2017 18:50:45'),
(1211, '177.216.1.61', 720200, '01/06/2017 18:54:58'),
(1212, '177.89.180.27', 721568, '01/06/2017 18:57:08'),
(1213, '179.190.206.78', 11, '01/06/2017 19:20:00'),
(1214, '179.190.206.78', 72000, '01/06/2017 19:27:15'),
(1215, '179.190.206.78', 721464, '01/06/2017 19:33:16'),
(1216, '179.190.206.78', 720010, '01/06/2017 19:34:33'),
(1217, '179.190.206.78', 720555, '01/06/2017 19:35:41'),
(1218, '179.190.206.78', 721441, '01/06/2017 19:36:50'),
(1219, '179.190.206.78', 11, '01/06/2017 19:38:10'),
(1220, '179.190.242.91', 721395, '01/06/2017 19:48:36'),
(1221, '179.190.242.91', 721395, '01/06/2017 19:48:46'),
(1222, '187.40.164.45', 721196, '01/06/2017 19:52:04'),
(1223, '179.190.242.91', 721395, '01/06/2017 19:52:33'),
(1224, '179.190.242.91', 721395, '01/06/2017 19:53:12'),
(1225, '179.190.242.91', 721395, '01/06/2017 19:54:47'),
(1226, '179.190.242.91', 721395, '01/06/2017 19:55:56'),
(1227, '179.190.254.1', 720028, '01/06/2017 20:00:33'),
(1228, '179.190.242.91', 721395, '01/06/2017 20:01:12'),
(1229, '179.190.242.91', 721396, '01/06/2017 20:03:45'),
(1230, '177.89.194.46', 721177, '01/06/2017 20:18:32'),
(1231, '177.89.153.5', 721331, '01/06/2017 20:30:39'),
(1232, '177.89.40.3', 721516, '01/06/2017 20:37:46'),
(1233, '179.190.133.220', 720027, '01/06/2017 21:02:25'),
(1234, '177.89.120.13', 721018, '01/06/2017 21:08:42'),
(1235, '179.190.133.220', 720027, '01/06/2017 21:22:02'),
(1236, '179.190.226.62', 720544, '01/06/2017 21:23:40'),
(1237, '177.89.224.76', 721528, '01/06/2017 21:25:38'),
(1238, '179.190.226.62', 721257, '01/06/2017 21:25:40'),
(1239, '177.89.234.92', 721263, '01/06/2017 21:25:41'),
(1240, '179.190.226.62', 720544, '01/06/2017 21:25:43'),
(1241, '177.89.224.76', 721528, '01/06/2017 21:27:16'),
(1242, '177.89.234.92', 721263, '01/06/2017 21:29:12'),
(1243, '179.190.226.62', 721257, '01/06/2017 21:29:27'),
(1244, '177.89.234.92', 721263, '01/06/2017 21:29:40'),
(1245, '177.89.234.92', 721263, '01/06/2017 21:29:40'),
(1246, '177.89.224.76', 721528, '01/06/2017 21:29:48'),
(1247, '179.190.226.62', 721257, '01/06/2017 21:31:41'),
(1248, '179.190.226.62', 721181, '01/06/2017 21:34:41'),
(1249, '179.190.206.78', 11, '01/06/2017 21:39:12'),
(1250, '177.89.45.210', 72000, '01/06/2017 21:48:50'),
(1251, '189.40.82.253', 721591, '01/06/2017 21:49:15'),
(1252, '177.89.153.5', 721331, '01/06/2017 21:52:49'),
(1253, '177.89.153.5', 721331, '01/06/2017 21:53:39'),
(1254, '177.89.197.245', 721284, '01/06/2017 21:57:47'),
(1255, '177.89.140.248', 721530, '01/06/2017 22:02:04'),
(1256, '177.89.197.245', 721284, '01/06/2017 22:04:03'),
(1257, '177.89.140.248', 721530, '01/06/2017 22:05:59'),
(1258, '177.89.45.210', 72000, '01/06/2017 22:07:24'),
(1259, '179.190.242.91', 721396, '01/06/2017 22:21:12'),
(1260, '179.190.242.91', 721395, '01/06/2017 22:21:21'),
(1261, '177.89.140.248', 721530, '01/06/2017 22:28:55'),
(1262, '179.190.206.78', 11, '01/06/2017 22:44:39'),
(1263, '177.64.192.31', 720657, '01/06/2017 22:51:54'),
(1264, '179.190.232.50', 720741, '01/06/2017 22:59:29'),
(1265, '177.64.192.31', 720657, '01/06/2017 22:59:49'),
(1266, '177.13.11.2', 720840, '01/06/2017 23:27:27'),
(1267, '143.137.77.106', 721234, '02/06/2017 05:21:36'),
(1268, '143.137.77.106', 721567, '02/06/2017 05:22:24'),
(1269, '143.137.77.106', 721234, '02/06/2017 05:22:40'),
(1270, '179.190.254.1', 720028, '02/06/2017 05:31:39'),
(1271, '177.89.184.218', 720799, '02/06/2017 06:04:50'),
(1272, '177.89.77.100', 721202, '02/06/2017 06:24:00'),
(1273, '177.89.77.100', 721226, '02/06/2017 06:27:28'),
(1274, '177.89.72.249', 721199, '02/06/2017 06:34:03'),
(1275, '189.40.83.103', 720485, '02/06/2017 06:51:34'),
(1276, '179.240.150.43', 720265, '02/06/2017 07:05:36'),
(1277, '177.89.72.249', 11, '02/06/2017 07:46:28'),
(1278, '177.89.72.249', 721201, '02/06/2017 07:48:57'),
(1279, '179.240.160.68', 721284, '02/06/2017 07:55:21'),
(1280, '177.89.72.249', 1122, '02/06/2017 07:56:18'),
(1281, '179.240.166.85', 721303, '02/06/2017 07:57:12'),
(1282, '177.89.72.249', 721201, '02/06/2017 07:57:24'),
(1283, '179.240.160.68', 721291, '02/06/2017 07:58:07'),
(1284, '177.89.72.249', 11, '02/06/2017 07:58:32'),
(1285, '177.89.72.249', 720735, '02/06/2017 07:58:54'),
(1286, '177.89.72.249', 11, '02/06/2017 07:59:17'),
(1287, '179.240.166.85', 721294, '02/06/2017 07:59:56'),
(1288, '179.240.160.68', 720228, '02/06/2017 08:00:13'),
(1289, '177.89.72.249', 1122, '02/06/2017 08:01:28'),
(1290, '200.141.200.7', 11, '02/06/2017 09:33:07'),
(1291, '177.89.17.138', 721025, '02/06/2017 09:52:24'),
(1292, '177.89.17.138', 721025, '02/06/2017 09:52:24'),
(1293, '177.89.17.138', 721191, '02/06/2017 09:53:45'),
(1294, '177.89.72.249', 720198, '02/06/2017 10:46:54'),
(1295, '177.89.72.249', 720198, '02/06/2017 10:51:29'),
(1296, '177.89.153.82', 721512, '02/06/2017 11:13:22'),
(1297, '177.89.234.92', 721263, '02/06/2017 11:13:40'),
(1298, '189.124.211.189', 721196, '02/06/2017 11:18:27'),
(1299, '191.27.248.174', 721255, '02/06/2017 11:26:42'),
(1300, '191.27.248.174', 721255, '02/06/2017 11:31:32'),
(1301, '191.27.248.174', 721255, '02/06/2017 11:32:38'),
(1302, '191.27.248.174', 721255, '02/06/2017 11:33:55'),
(1303, '191.27.248.174', 721255, '02/06/2017 11:34:41'),
(1304, '191.27.248.174', 721255, '02/06/2017 11:36:07'),
(1305, '179.190.232.50', 721287, '02/06/2017 11:37:35'),
(1306, '179.190.232.50', 721237, '02/06/2017 11:39:44'),
(1307, '191.27.248.174', 721080, '02/06/2017 11:40:56'),
(1308, '191.27.248.174', 721255, '02/06/2017 11:41:39'),
(1309, '191.27.248.174', 721255, '02/06/2017 11:41:41'),
(1310, '191.27.248.174', 721255, '02/06/2017 11:41:42'),
(1311, '177.89.72.249', 721260, '02/06/2017 11:42:07'),
(1312, '191.27.248.174', 721255, '02/06/2017 11:42:22'),
(1313, '191.27.248.174', 721255, '02/06/2017 11:43:05'),
(1314, '191.27.248.174', 721255, '02/06/2017 11:43:35'),
(1315, '191.27.248.174', 721255, '02/06/2017 11:44:39'),
(1316, '191.27.248.174', 721255, '02/06/2017 11:45:36'),
(1317, '191.27.248.174', 721255, '02/06/2017 11:45:37'),
(1318, '191.27.248.174', 721255, '02/06/2017 11:46:09'),
(1319, '191.27.248.174', 721255, '02/06/2017 11:47:28'),
(1320, '191.27.248.174', 721255, '02/06/2017 11:47:30'),
(1321, '189.124.211.189', 721271, '02/06/2017 11:47:45'),
(1322, '191.27.248.174', 721255, '02/06/2017 11:49:06'),
(1323, '191.27.248.174', 721255, '02/06/2017 11:49:49'),
(1324, '189.124.211.189', 721396, '02/06/2017 11:49:50'),
(1325, '189.124.211.189', 720707, '02/06/2017 11:50:50'),
(1326, '191.27.248.174', 721255, '02/06/2017 11:50:59'),
(1327, '189.124.211.189', 721271, '02/06/2017 11:51:22'),
(1328, '189.124.211.189', 720016, '02/06/2017 11:51:56'),
(1329, '191.27.248.174', 721255, '02/06/2017 11:52:34'),
(1330, '191.27.248.174', 721255, '02/06/2017 11:54:14'),
(1331, '191.27.248.174', 721255, '02/06/2017 11:55:24'),
(1332, '191.27.248.174', 721255, '02/06/2017 11:56:23'),
(1333, '186.209.111.182', 720198, '02/06/2017 11:57:04'),
(1334, '191.27.248.174', 721255, '02/06/2017 11:57:26'),
(1335, '191.27.248.174', 721255, '02/06/2017 11:58:28'),
(1336, '186.209.111.182', 720739, '02/06/2017 11:58:39'),
(1337, '191.27.248.174', 721255, '02/06/2017 12:00:21'),
(1338, '191.27.248.174', 721255, '02/06/2017 12:01:16'),
(1339, '191.27.248.174', 721255, '02/06/2017 12:02:18'),
(1340, '186.209.111.182', 720724, '02/06/2017 12:02:37'),
(1341, '191.27.248.174', 721255, '02/06/2017 12:03:14'),
(1342, '186.209.111.182', 720739, '02/06/2017 12:03:16'),
(1343, '186.209.111.182', 720739, '02/06/2017 12:03:45'),
(1344, '186.209.111.182', 720724, '02/06/2017 12:04:11'),
(1345, '191.27.248.174', 721255, '02/06/2017 12:04:42'),
(1346, '186.209.111.182', 720739, '02/06/2017 12:04:49'),
(1347, '186.209.111.182', 720724, '02/06/2017 12:05:37'),
(1348, '177.89.140.248', 721530, '02/06/2017 12:07:15'),
(1349, '191.27.248.174', 721255, '02/06/2017 12:07:56'),
(1350, '186.209.111.182', 720739, '02/06/2017 12:08:35'),
(1351, '179.190.201.80', 721080, '02/06/2017 12:09:30'),
(1352, '179.190.201.80', 721080, '02/06/2017 12:10:39'),
(1353, '186.209.111.182', 720198, '02/06/2017 12:11:58'),
(1354, '179.190.201.80', 721080, '02/06/2017 12:12:43'),
(1355, '186.209.111.182', 720724, '02/06/2017 12:13:11'),
(1356, '179.190.201.80', 721080, '02/06/2017 12:14:00'),
(1357, '179.240.160.68', 721284, '02/06/2017 12:14:48'),
(1358, '189.40.81.197', 721305, '02/06/2017 12:15:37'),
(1359, '177.89.72.249', 720882, '02/06/2017 12:15:45'),
(1360, '179.190.245.153', 721255, '02/06/2017 12:16:54'),
(1361, '179.240.160.68', 721284, '02/06/2017 12:17:49'),
(1362, '179.240.160.68', 720705, '02/06/2017 12:18:26'),
(1363, '189.40.103.154', 720263, '02/06/2017 12:20:27'),
(1364, '179.196.153.9', 721672, '02/06/2017 12:20:39'),
(1365, '177.89.72.249', 721458, '02/06/2017 12:20:43'),
(1366, '179.68.239.146', 721291, '02/06/2017 12:20:45'),
(1367, '179.68.239.146', 721294, '02/06/2017 12:21:15'),
(1368, '189.40.103.154', 720705, '02/06/2017 12:21:26'),
(1369, '177.89.72.249', 720882, '02/06/2017 12:22:10'),
(1370, '177.89.72.249', 721615, '02/06/2017 12:23:32'),
(1371, '186.209.111.182', 721427, '02/06/2017 12:25:03'),
(1372, '186.209.111.182', 720724, '02/06/2017 12:25:44'),
(1373, '186.209.111.182', 721427, '02/06/2017 12:27:06'),
(1374, '186.209.111.182', 721680, '02/06/2017 12:28:38'),
(1375, '186.209.111.182', 720724, '02/06/2017 12:28:58'),
(1376, '186.209.111.182', 720724, '02/06/2017 12:29:40'),
(1377, '186.209.111.182', 721680, '02/06/2017 12:30:33'),
(1378, '186.209.111.182', 721427, '02/06/2017 12:32:17'),
(1379, '186.209.111.182', 721427, '02/06/2017 12:34:03'),
(1380, '186.209.111.182', 721680, '02/06/2017 12:34:39'),
(1381, '186.209.111.182', 720198, '02/06/2017 12:35:21'),
(1382, '186.209.111.182', 720739, '02/06/2017 12:35:50'),
(1383, '177.89.72.249', 720933, '02/06/2017 12:38:55'),
(1384, '191.241.46.237', 721524, '02/06/2017 12:45:14'),
(1385, '186.209.111.182', 720724, '02/06/2017 12:47:38'),
(1386, '191.241.40.191', 721524, '02/06/2017 12:48:30'),
(1387, '189.124.212.70', 720044, '02/06/2017 12:56:01'),
(1388, '177.89.77.100', 721202, '02/06/2017 12:58:11'),
(1389, '189.124.212.2', 721198, '02/06/2017 12:59:58'),
(1390, '177.89.77.12', 720882, '02/06/2017 13:00:28'),
(1391, '177.89.164.117', 721532, '02/06/2017 13:03:48'),
(1392, '177.89.164.117', 721532, '02/06/2017 13:06:34'),
(1393, '179.71.36.76', 720961, '02/06/2017 13:07:25'),
(1394, '177.89.57.191', 720933, '02/06/2017 13:07:30'),
(1395, '177.89.48.122', 720161, '02/06/2017 13:12:30'),
(1396, '177.89.224.76', 721528, '02/06/2017 13:12:54'),
(1397, '177.89.48.122', 720016, '02/06/2017 13:15:07'),
(1398, '187.40.161.90', 721196, '02/06/2017 13:22:51'),
(1399, '177.89.77.100', 721202, '02/06/2017 13:27:57'),
(1400, '177.89.77.100', 721226, '02/06/2017 13:28:48'),
(1401, '177.89.77.100', 721212, '02/06/2017 13:29:27'),
(1402, '177.89.77.100', 721223, '02/06/2017 13:29:53'),
(1403, '170.82.122.240', 721214, '02/06/2017 13:31:01'),
(1404, '177.89.77.100', 721202, '02/06/2017 13:33:05'),
(1405, '177.89.77.100', 721223, '02/06/2017 13:33:38'),
(1406, '177.89.77.100', 721227, '02/06/2017 13:34:07'),
(1407, '177.89.77.100', 721203, '02/06/2017 13:34:42'),
(1408, '177.193.111.133', 720700, '02/06/2017 13:35:15'),
(1409, '177.89.77.100', 721202, '02/06/2017 13:35:24'),
(1410, '177.89.224.76', 721528, '02/06/2017 13:35:33'),
(1411, '179.156.4.78', 721207, '02/06/2017 13:47:33'),
(1412, '179.156.4.78', 721202, '02/06/2017 13:50:53'),
(1413, '179.156.4.78', 721207, '02/06/2017 13:51:40'),
(1414, '179.190.245.153', 721080, '02/06/2017 13:57:47'),
(1415, '179.190.245.153', 721255, '02/06/2017 13:58:17'),
(1416, '179.190.245.153', 721255, '02/06/2017 13:58:45'),
(1417, '179.190.245.153', 721255, '02/06/2017 13:59:29'),
(1418, '179.190.245.153', 721255, '02/06/2017 14:06:19'),
(1419, '177.89.163.12', 721226, '02/06/2017 14:11:59'),
(1420, '177.89.167.111', 720807, '02/06/2017 14:12:05'),
(1421, '187.40.233.237', 721522, '02/06/2017 14:12:16'),
(1422, '177.89.167.111', 721533, '02/06/2017 14:13:52'),
(1423, '177.89.167.111', 721271, '02/06/2017 14:14:30'),
(1424, '177.89.167.111', 721522, '02/06/2017 14:15:15'),
(1425, '177.89.167.111', 721527, '02/06/2017 14:16:15'),
(1426, '179.190.202.180', 721000, '02/06/2017 14:23:51'),
(1427, '179.190.202.180', 721279, '02/06/2017 14:26:48'),
(1428, '179.190.202.180', 721297, '02/06/2017 14:27:51'),
(1429, '177.89.167.111', 721271, '02/06/2017 14:32:22'),
(1430, '177.89.72.249', 721462, '02/06/2017 14:32:54'),
(1431, '177.89.72.249', 721462, '02/06/2017 14:32:54'),
(1432, '177.89.72.249', 721461, '02/06/2017 14:33:43'),
(1433, '177.89.72.249', 721461, '02/06/2017 14:35:09'),
(1434, '177.89.72.249', 720021, '02/06/2017 14:35:30'),
(1435, '177.89.72.249', 720028, '02/06/2017 14:36:15'),
(1436, '177.89.72.249', 720028, '02/06/2017 14:36:16'),
(1437, '177.89.72.249', 721573, '02/06/2017 14:42:33'),
(1438, '189.124.213.135', 720896, '02/06/2017 14:44:47'),
(1439, '177.89.72.249', 720533, '02/06/2017 14:45:31'),
(1440, '179.234.130.200', 721473, '02/06/2017 14:47:30'),
(1441, '179.190.254.1', 720028, '02/06/2017 15:03:17'),
(1442, '179.190.227.198', 721203, '02/06/2017 15:05:49'),
(1443, '179.190.242.91', 721395, '02/06/2017 15:07:47'),
(1444, '179.190.242.91', 721396, '02/06/2017 15:08:04'),
(1445, '177.89.72.249', 720006, '02/06/2017 15:23:53'),
(1446, '177.89.41.25', 721274, '02/06/2017 15:25:06'),
(1447, '177.89.152.240', 720006, '02/06/2017 15:25:59'),
(1448, '177.89.224.76', 721528, '02/06/2017 15:33:39'),
(1449, '177.89.41.25', 721274, '02/06/2017 15:42:18'),
(1450, '177.89.41.25', 721274, '02/06/2017 15:46:25'),
(1451, '179.190.206.78', 11, '02/06/2017 17:37:25'),
(1452, '179.190.201.80', 721080, '02/06/2017 17:54:26'),
(1453, '179.190.232.50', 721238, '02/06/2017 17:58:56'),
(1454, '187.61.250.78', 720041, '02/06/2017 18:04:20'),
(1455, '187.61.249.23', 720184, '02/06/2017 18:04:40'),
(1456, '187.61.250.78', 720041, '02/06/2017 18:06:19'),
(1457, '187.40.161.90', 721196, '02/06/2017 18:08:35'),
(1458, '187.61.250.78', 720041, '02/06/2017 18:10:47'),
(1459, '187.61.252.213', 721333, '02/06/2017 18:14:19'),
(1460, '177.89.140.248', 721530, '02/06/2017 18:34:26'),
(1461, '189.124.211.236', 720368, '02/06/2017 18:53:10'),
(1462, '177.89.58.154', 721241, '02/06/2017 19:38:00'),
(1463, '177.210.151.254', 721202, '02/06/2017 19:59:55'),
(1464, '177.210.151.254', 721226, '02/06/2017 20:00:58'),
(1465, '189.124.212.2', 721408, '02/06/2017 20:03:25'),
(1466, '177.89.140.248', 721530, '02/06/2017 20:36:15'),
(1467, '177.89.140.248', 721530, '02/06/2017 20:40:13'),
(1468, '177.89.2.205', 720100, '02/06/2017 20:56:20'),
(1469, '187.61.252.235', 720968, '02/06/2017 20:56:40'),
(1470, '187.61.252.235', 720968, '02/06/2017 20:58:05'),
(1471, '187.61.252.235', 720968, '02/06/2017 21:00:40'),
(1472, '177.89.167.111', 721408, '02/06/2017 21:50:54'),
(1473, '177.89.140.248', 721530, '02/06/2017 21:59:05'),
(1474, '177.89.41.25', 721279, '02/06/2017 21:59:49'),
(1475, '177.89.152.240', 720006, '02/06/2017 22:03:41'),
(1476, '187.61.252.213', 721323, '02/06/2017 22:56:37'),
(1477, '187.61.252.213', 721331, '02/06/2017 22:57:41'),
(1478, '187.61.252.213', 721333, '02/06/2017 22:58:17'),
(1479, '187.61.252.213', 721325, '02/06/2017 22:59:08'),
(1480, '187.61.252.213', 721327, '02/06/2017 22:59:33'),
(1481, '187.61.252.213', 721327, '02/06/2017 22:59:55'),
(1482, '187.61.252.213', 721325, '02/06/2017 23:01:18'),
(1483, '187.61.252.213', 721318, '02/06/2017 23:01:43'),
(1484, '187.61.252.213', 721323, '02/06/2017 23:02:20'),
(1485, '187.61.252.213', 721323, '02/06/2017 23:02:50'),
(1486, '187.61.252.213', 721331, '02/06/2017 23:03:26'),
(1487, '187.61.252.213', 721312, '02/06/2017 23:03:57'),
(1488, '187.61.252.213', 721316, '02/06/2017 23:04:18'),
(1489, '187.61.252.213', 721308, '02/06/2017 23:04:57'),
(1490, '187.61.252.213', 721303, '02/06/2017 23:05:21'),
(1491, '187.61.252.213', 721327, '02/06/2017 23:06:03'),
(1492, '187.61.252.213', 721303, '02/06/2017 23:06:42'),
(1493, '187.61.252.213', 721333, '02/06/2017 23:07:23'),
(1494, '187.61.252.213', 721316, '02/06/2017 23:09:00'),
(1495, '187.61.252.213', 721331, '02/06/2017 23:09:32'),
(1496, '187.61.252.213', 721325, '02/06/2017 23:11:42'),
(1497, '187.61.252.213', 721323, '02/06/2017 23:12:54'),
(1498, '187.61.252.213', 721325, '02/06/2017 23:13:26'),
(1499, '187.61.252.213', 721327, '02/06/2017 23:14:01'),
(1500, '187.61.252.213', 721333, '02/06/2017 23:16:26'),
(1501, '187.61.252.213', 721303, '02/06/2017 23:19:22'),
(1502, '187.61.252.213', 721307, '02/06/2017 23:19:41'),
(1503, '187.61.252.213', 721305, '02/06/2017 23:20:03'),
(1504, '186.250.21.243', 721199, '03/06/2017 00:18:24'),
(1505, '170.82.122.11', 721214, '03/06/2017 05:56:05'),
(1506, '187.40.165.226', 721084, '03/06/2017 06:36:25'),
(1507, '187.40.165.226', 721084, '03/06/2017 06:39:08'),
(1508, '170.82.122.240', 721214, '03/06/2017 07:18:27'),
(1509, '189.124.192.224', 721448, '03/06/2017 07:43:09'),
(1510, '170.82.122.240', 721214, '03/06/2017 08:32:17'),
(1511, '186.209.111.193', 721069, '03/06/2017 09:50:26'),
(1512, '187.40.169.5', 721206, '03/06/2017 09:51:12'),
(1513, '187.40.169.5', 721220, '03/06/2017 09:51:52'),
(1514, '187.40.169.5', 721203, '03/06/2017 09:53:33'),
(1515, '187.40.169.5', 721203, '03/06/2017 09:54:55'),
(1516, '187.40.169.5', 721220, '03/06/2017 09:56:15'),
(1517, '187.40.169.5', 721206, '03/06/2017 09:58:27'),
(1518, '187.40.169.5', 721203, '03/06/2017 09:59:35'),
(1519, '187.40.169.5', 721205, '03/06/2017 10:02:30'),
(1520, '187.40.169.5', 721207, '03/06/2017 10:04:02'),
(1521, '187.40.169.5', 721210, '03/06/2017 10:05:01'),
(1522, '187.40.169.5', 720620, '03/06/2017 10:06:01'),
(1523, '187.40.169.5', 721203, '03/06/2017 10:07:04'),
(1524, '187.40.169.5', 721223, '03/06/2017 10:08:05'),
(1525, '187.40.169.5', 720641, '03/06/2017 10:12:05'),
(1526, '187.40.169.5', 721206, '03/06/2017 10:12:39'),
(1527, '187.40.169.5', 720641, '03/06/2017 10:13:39'),
(1528, '187.40.169.5', 721205, '03/06/2017 10:15:36'),
(1529, '187.40.169.5', 721210, '03/06/2017 10:22:38'),
(1530, '187.40.169.5', 721210, '03/06/2017 10:22:45'),
(1531, '187.40.169.5', 721210, '03/06/2017 10:23:32'),
(1532, '187.40.169.5', 721201, '03/06/2017 10:25:02'),
(1533, '187.40.169.5', 721201, '03/06/2017 10:25:07'),
(1534, '177.89.152.213', 721415, '03/06/2017 10:25:47'),
(1535, '187.40.154.64', 721450, '03/06/2017 10:27:24'),
(1536, '187.40.154.64', 721450, '03/06/2017 10:27:54'),
(1537, '187.40.154.64', 721450, '03/06/2017 10:28:07'),
(1538, '187.40.169.5', 721203, '03/06/2017 10:28:24'),
(1539, '187.40.169.5', 721220, '03/06/2017 10:29:24'),
(1540, '187.40.169.5', 720641, '03/06/2017 10:30:13'),
(1541, '187.40.169.5', 720641, '03/06/2017 10:30:23'),
(1542, '187.40.169.5', 720641, '03/06/2017 10:30:23'),
(1543, '177.89.140.248', 721530, '03/06/2017 10:41:25'),
(1544, '187.40.169.5', 720641, '03/06/2017 11:12:03'),
(1545, '179.234.130.200', 721473, '03/06/2017 11:18:31'),
(1546, '189.124.129.102', 721418, '03/06/2017 11:20:18'),
(1547, '177.89.184.218', 721473, '03/06/2017 11:26:52'),
(1548, '177.89.14.232', 721473, '03/06/2017 11:29:57'),
(1549, '177.89.14.232', 721087, '03/06/2017 11:30:50'),
(1550, '187.60.86.143', 721214, '03/06/2017 12:03:10'),
(1551, '177.13.9.20', 721457, '03/06/2017 13:50:25'),
(1552, '177.13.9.9', 721443, '03/06/2017 13:51:56'),
(1553, '177.13.9.20', 721457, '03/06/2017 13:56:33'),
(1554, '186.250.21.243', 721199, '03/06/2017 13:57:00'),
(1555, '177.13.9.20', 721457, '03/06/2017 14:02:07'),
(1556, '177.13.9.20', 721457, '03/06/2017 14:13:22'),
(1557, '170.82.122.240', 721214, '03/06/2017 15:05:33'),
(1558, '170.82.122.240', 721214, '03/06/2017 15:43:31'),
(1559, '186.250.21.243', 721199, '03/06/2017 15:52:19'),
(1560, '170.82.122.240', 721214, '03/06/2017 16:12:13'),
(1561, '143.137.77.106', 721234, '03/06/2017 16:51:10'),
(1562, '170.82.122.240', 721214, '03/06/2017 17:39:44'),
(1563, '177.89.224.76', 721528, '03/06/2017 18:10:51'),
(1564, '179.190.242.91', 721396, '03/06/2017 18:10:58'),
(1565, '177.89.140.248', 721530, '03/06/2017 18:27:23'),
(1566, '179.190.247.182', 720346, '03/06/2017 19:00:01'),
(1567, '177.89.77.100', 721202, '03/06/2017 19:01:26'),
(1568, '177.89.77.100', 721202, '03/06/2017 19:03:54'),
(1569, '177.89.77.100', 721223, '03/06/2017 19:04:17'),
(1570, '177.89.77.100', 721202, '03/06/2017 19:04:40'),
(1571, '179.190.206.78', 11, '03/06/2017 19:16:42'),
(1572, '179.190.206.78', 721260, '03/06/2017 19:22:39'),
(1573, '179.190.206.78', 11, '03/06/2017 19:22:56'),
(1574, '179.190.206.78', 721260, '03/06/2017 19:23:35'),
(1575, '179.190.206.78', 11, '03/06/2017 19:23:46'),
(1576, '179.190.206.78', 721260, '03/06/2017 19:24:53'),
(1577, '179.190.206.78', 11, '03/06/2017 19:25:34'),
(1578, '179.190.206.78', 11, '03/06/2017 19:25:59'),
(1579, '179.190.206.78', 721507, '03/06/2017 19:26:49'),
(1580, '179.190.206.78', 11, '03/06/2017 19:28:09'),
(1581, '179.190.206.78', 720555, '03/06/2017 19:28:56'),
(1582, '179.190.206.78', 11, '03/06/2017 19:31:17'),
(1583, '179.190.206.78', 721302, '03/06/2017 19:32:13'),
(1584, '179.190.206.78', 11, '03/06/2017 19:32:52'),
(1585, '179.190.206.78', 720004, '03/06/2017 19:35:59'),
(1586, '179.190.206.78', 721518, '03/06/2017 19:37:50'),
(1587, '179.190.206.78', 720006, '03/06/2017 19:38:26'),
(1588, '179.190.206.78', 721572, '03/06/2017 19:39:14'),
(1589, '179.190.206.78', 721521, '03/06/2017 19:41:28'),
(1590, '179.190.206.78', 11, '03/06/2017 19:41:55'),
(1591, '177.89.166.173', 720441, '03/06/2017 19:48:27'),
(1592, '179.190.206.78', 721271, '03/06/2017 19:52:28'),
(1593, '187.40.134.4', 721196, '03/06/2017 20:02:33'),
(1594, '179.190.226.62', 720544, '03/06/2017 21:32:42'),
(1595, '177.89.152.240', 720006, '03/06/2017 22:13:21'),
(1596, '179.190.226.62', 720544, '03/06/2017 22:20:09'),
(1597, '177.13.9.2', 720654, '04/06/2017 01:03:14'),
(1598, '170.82.122.11', 721214, '04/06/2017 06:30:47'),
(1599, '143.137.77.106', 721234, '04/06/2017 07:02:11'),
(1600, '177.13.9.10', 721244, '04/06/2017 08:19:14'),
(1601, '179.190.206.78', 11, '04/06/2017 11:57:20'),
(1602, '179.190.206.78', 720654, '04/06/2017 12:03:52'),
(1603, '179.190.206.78', 721214, '04/06/2017 12:04:26'),
(1604, '179.190.206.78', 721234, '04/06/2017 12:06:38'),
(1605, '179.190.206.78', 721244, '04/06/2017 12:07:04'),
(1606, '179.190.206.78', 721572, '04/06/2017 12:07:45'),
(1607, '179.190.241.83', 720231, '04/06/2017 12:31:46'),
(1608, '179.190.241.83', 720848, '04/06/2017 12:32:26'),
(1609, '179.190.241.83', 720935, '04/06/2017 12:33:24'),
(1610, '179.190.241.83', 720754, '04/06/2017 12:33:47'),
(1611, '179.190.241.83', 720256, '04/06/2017 12:34:45'),
(1612, '170.82.122.11', 721214, '04/06/2017 12:52:15'),
(1613, '179.190.206.78', 11, '04/06/2017 13:18:53'),
(1614, '201.9.117.129', 721203, '04/06/2017 13:30:36'),
(1615, '170.82.122.11', 721214, '04/06/2017 13:39:37'),
(1616, '186.250.21.243', 721199, '04/06/2017 13:54:07'),
(1617, '189.124.192.224', 721448, '04/06/2017 14:04:26'),
(1618, '170.82.122.11', 721214, '04/06/2017 14:33:04'),
(1619, '189.124.197.226', 721178, '04/06/2017 14:50:43'),
(1620, '177.89.3.20', 720890, '04/06/2017 16:33:53'),
(1621, '177.89.160.246', 720533, '04/06/2017 16:56:41'),
(1622, '177.89.160.246', 720200, '04/06/2017 17:09:56'),
(1623, '170.82.122.240', 721214, '04/06/2017 17:12:52'),
(1624, '179.190.198.141', 721089, '04/06/2017 17:15:13'),
(1625, '179.240.165.33', 720890, '04/06/2017 17:27:32'),
(1626, '177.89.189.191', 721288, '04/06/2017 17:53:31'),
(1627, '179.190.242.91', 721396, '04/06/2017 18:52:00'),
(1628, '179.190.206.78', 720004, '04/06/2017 19:24:34'),
(1629, '179.190.206.78', 11, '04/06/2017 19:25:12'),
(1630, '177.89.77.58', 721442, '04/06/2017 19:45:01'),
(1631, '177.64.200.171', 721519, '04/06/2017 19:49:32'),
(1632, '177.89.45.32', 720914, '04/06/2017 20:04:58'),
(1633, '177.89.152.240', 720006, '04/06/2017 20:06:08'),
(1634, '179.234.130.200', 721473, '04/06/2017 20:48:09'),
(1635, '179.190.248.233', 721421, '04/06/2017 21:35:19'),
(1636, '177.89.41.222', 721412, '04/06/2017 21:50:40'),
(1637, '177.89.152.240', 720006, '04/06/2017 22:13:10'),
(1638, '177.13.9.6', 720840, '04/06/2017 23:18:38'),
(1639, '187.61.254.168', 720535, '04/06/2017 23:24:56'),
(1640, '187.61.254.168', 720556, '04/06/2017 23:27:26'),
(1641, '177.89.77.12', 720882, '04/06/2017 23:31:02'),
(1642, '177.89.72.249', 720290, '05/06/2017 06:44:36'),
(1643, '177.89.72.249', 721572, '05/06/2017 07:00:24'),
(1644, '177.89.77.49', 2233, '05/06/2017 08:08:25'),
(1645, '177.89.72.249', 1122, '05/06/2017 08:18:45'),
(1646, '177.89.77.49', 720807, '05/06/2017 08:19:36'),
(1647, '177.89.72.249', 720050, '05/06/2017 08:23:25'),
(1648, '177.89.72.249', 721417, '05/06/2017 08:25:22'),
(1649, '177.89.72.249', 721419, '05/06/2017 08:27:31'),
(1650, '177.89.72.249', 721302, '05/06/2017 08:28:18'),
(1651, '177.89.72.249', 720907, '05/06/2017 08:29:31'),
(1652, '177.89.72.249', 721422, '05/06/2017 08:30:46'),
(1653, '177.89.72.249', 721287, '05/06/2017 08:32:11'),
(1654, '177.89.72.249', 1122, '05/06/2017 08:33:05'),
(1655, '177.89.72.249', 721249, '05/06/2017 08:34:50'),
(1656, '177.89.72.249', 1122, '05/06/2017 08:36:16'),
(1657, '191.225.123.16', 720990, '05/06/2017 08:54:13'),
(1658, '177.89.72.249', 721221, '05/06/2017 08:58:49'),
(1659, '177.89.77.49', 2233, '05/06/2017 09:03:28'),
(1660, '177.89.72.249', 2233, '05/06/2017 09:48:55'),
(1661, '177.89.9.149', 721521, '05/06/2017 10:35:17'),
(1662, '177.89.9.149', 720162, '05/06/2017 10:37:14'),
(1663, '177.89.72.249', 721611, '05/06/2017 11:20:56'),
(1664, '177.89.72.249', 1122, '05/06/2017 11:21:54'),
(1665, '177.89.72.249', 721611, '05/06/2017 11:23:27'),
(1666, '177.89.72.249', 1122, '05/06/2017 11:23:55'),
(1667, '177.89.72.249', 720059, '05/06/2017 11:28:27'),
(1668, '179.190.254.1', 720028, '05/06/2017 11:52:29'),
(1669, '177.89.75.79', 721220, '05/06/2017 12:01:02'),
(1670, '189.40.65.25', 721465, '05/06/2017 13:18:43'),
(1671, '177.89.179.133', 720488, '05/06/2017 13:29:38'),
(1672, '179.190.241.187', 720190, '05/06/2017 13:29:55'),
(1673, '179.190.241.187', 721520, '05/06/2017 13:33:24'),
(1674, '179.190.241.187', 720190, '05/06/2017 13:34:44'),
(1675, '189.124.213.180', 720710, '05/06/2017 13:44:17'),
(1676, '189.124.213.180', 720288, '05/06/2017 13:48:34'),
(1677, '200.137.2.54', 11, '05/06/2017 14:17:59'),
(1678, '177.13.9.10', 721244, '05/06/2017 14:55:10'),
(1679, '177.13.9.10', 721426, '05/06/2017 14:55:41'),
(1680, '177.13.9.10', 721426, '05/06/2017 14:56:03'),
(1681, '177.13.9.10', 720620, '05/06/2017 14:57:53'),
(1682, '177.13.9.10', 720620, '05/06/2017 14:58:30'),
(1683, '177.13.9.10', 720654, '05/06/2017 14:59:39'),
(1684, '177.13.9.10', 720620, '05/06/2017 15:00:12'),
(1685, '177.13.9.10', 720620, '05/06/2017 15:03:53'),
(1686, '177.13.9.10', 720654, '05/06/2017 15:05:18'),
(1687, '177.89.180.27', 721568, '05/06/2017 15:34:23'),
(1688, '177.89.72.249', 721511, '05/06/2017 15:43:24'),
(1689, '189.124.213.135', 720896, '05/06/2017 15:50:56'),
(1690, '179.234.130.200', 721473, '05/06/2017 15:53:23'),
(1691, '177.13.10.10', 721206, '05/06/2017 18:11:46'),
(1692, '177.89.191.95', 720900, '05/06/2017 18:27:42'),
(1693, '177.89.191.95', 720883, '05/06/2017 18:28:07'),
(1694, '179.190.131.173', 721573, '05/06/2017 19:09:51'),
(1695, '179.190.131.173', 720889, '05/06/2017 19:13:56'),
(1696, '179.190.131.173', 721573, '05/06/2017 19:15:11'),
(1697, '189.95.21.70', 721569, '05/06/2017 19:21:00'),
(1698, '177.89.235.231', 720762, '05/06/2017 19:50:38'),
(1699, '179.190.226.62', 721255, '05/06/2017 20:27:33'),
(1700, '179.156.9.40', 721515, '05/06/2017 20:56:08'),
(1701, '179.190.249.153', 721515, '05/06/2017 21:18:10'),
(1702, '177.89.153.5', 721331, '05/06/2017 21:18:16'),
(1703, '186.250.21.243', 721199, '05/06/2017 21:31:37'),
(1704, '187.40.166.109', 721510, '05/06/2017 23:59:41'),
(1705, '179.234.130.200', 721473, '06/06/2017 06:01:10'),
(1706, '177.89.77.49', 2233, '06/06/2017 08:09:52'),
(1707, '177.89.153.123', 721266, '06/06/2017 08:32:42'),
(1708, '177.89.77.49', 2233, '06/06/2017 09:23:39'),
(1709, '177.89.77.49', 720951, '06/06/2017 10:10:51'),
(1710, '177.89.77.49', 721512, '06/06/2017 10:48:59'),
(1711, '177.89.77.49', 2233, '06/06/2017 10:51:38'),
(1712, '152.239.243.4', 721291, '06/06/2017 11:41:50'),
(1713, '177.89.58.154', 721241, '06/06/2017 11:54:00'),
(1714, '177.89.72.249', 1122, '06/06/2017 12:08:01'),
(1715, '177.89.72.249', 1122, '06/06/2017 12:11:46'),
(1716, '177.89.194.32', 720816, '06/06/2017 12:50:29'),
(1717, '187.61.254.220', 721445, '06/06/2017 13:15:01'),
(1718, '177.89.149.155', 720787, '06/06/2017 14:30:16'),
(1719, '177.89.224.76', 721528, '06/06/2017 14:30:52'),
(1720, '170.233.120.3', 721425, '06/06/2017 15:11:26'),
(1721, '179.196.160.218', 721432, '06/06/2017 16:16:04'),
(1722, '177.89.72.249', 721236, '06/06/2017 16:34:42'),
(1723, '177.89.72.249', 721262, '06/06/2017 16:36:26'),
(1724, '177.89.189.191', 721288, '06/06/2017 16:42:32'),
(1725, '177.89.189.191', 721288, '06/06/2017 16:43:41'),
(1726, '177.89.72.249', 721259, '06/06/2017 16:54:07'),
(1727, '177.89.72.249', 721533, '06/06/2017 16:55:04'),
(1728, '177.89.72.249', 721409, '06/06/2017 16:55:49'),
(1729, '177.89.2.205', 720100, '06/06/2017 17:05:40'),
(1730, '177.89.77.246', 720098, '06/06/2017 17:23:20'),
(1731, '177.89.72.249', 2233, '06/06/2017 17:35:19'),
(1732, '177.89.153.91', 720132, '06/06/2017 17:53:14'),
(1733, '179.190.206.78', 11, '06/06/2017 18:21:17'),
(1734, '187.40.158.226', 721196, '06/06/2017 18:47:43'),
(1735, '177.64.193.23', 720657, '06/06/2017 18:52:28'),
(1736, '179.190.250.125', 721449, '06/06/2017 19:02:12'),
(1737, '179.190.206.78', 11, '06/06/2017 19:14:31'),
(1738, '179.190.206.78', 11, '06/06/2017 19:15:57'),
(1739, '187.61.141.215', 720916, '06/06/2017 19:16:54'),
(1740, '177.89.167.142', 721213, '06/06/2017 19:23:53'),
(1741, '177.13.11.10', 721457, '06/06/2017 19:47:02'),
(1742, '177.89.8.243', 720294, '06/06/2017 20:19:38'),
(1743, '187.40.148.56', 721084, '06/06/2017 20:29:35'),
(1744, '187.40.148.56', 721084, '06/06/2017 20:29:54'),
(1745, '177.89.165.219', 721413, '06/06/2017 20:45:02'),
(1746, '179.190.242.91', 721396, '06/06/2017 20:45:36'),
(1747, '177.89.199.49', 721239, '06/06/2017 20:52:42'),
(1748, '177.89.199.49', 721239, '06/06/2017 21:54:29'),
(1749, '177.89.199.49', 721249, '06/06/2017 21:56:12'),
(1750, '177.89.199.49', 721259, '06/06/2017 21:58:05'),
(1751, '177.89.199.49', 721269, '06/06/2017 21:58:20'),
(1752, '177.89.199.49', 721234, '06/06/2017 21:58:36'),
(1753, '177.89.199.49', 721269, '06/06/2017 22:02:27'),
(1754, '177.89.199.49', 721279, '06/06/2017 22:02:43'),
(1755, '177.89.199.49', 721278, '06/06/2017 22:03:16'),
(1756, '179.156.4.78', 721207, '06/06/2017 22:26:09'),
(1757, '179.190.203.148', 2233, '06/06/2017 22:44:25'),
(1758, '177.89.77.12', 720996, '06/06/2017 23:17:15'),
(1759, '177.89.77.12', 720996, '06/06/2017 23:17:16'),
(1760, '177.89.77.12', 720996, '06/06/2017 23:17:17'),
(1761, '187.40.162.1', 720899, '06/06/2017 23:23:18'),
(1762, '189.124.129.102', 721418, '07/06/2017 00:10:59'),
(1763, '177.89.58.154', 721241, '07/06/2017 01:06:14'),
(1764, '179.190.242.91', 721396, '07/06/2017 06:16:03'),
(1765, '177.89.57.191', 720933, '07/06/2017 06:17:23'),
(1766, '179.190.248.233', 721421, '07/06/2017 06:19:36'),
(1767, '179.190.248.233', 721421, '07/06/2017 06:20:07'),
(1768, '177.89.34.255', 720276, '07/06/2017 06:21:42'),
(1769, '177.89.77.246', 720263, '07/06/2017 06:43:22'),
(1770, '177.89.48.122', 720161, '07/06/2017 06:51:29'),
(1771, '177.89.48.122', 720016, '07/06/2017 06:52:03'),
(1772, '191.20.143.118', 721255, '07/06/2017 06:57:14'),
(1773, '191.20.143.118', 721255, '07/06/2017 06:57:16'),
(1774, '191.20.143.118', 721255, '07/06/2017 06:57:17'),
(1775, '191.20.143.118', 721255, '07/06/2017 06:57:19'),
(1776, '177.89.72.249', 2233, '07/06/2017 07:03:14'),
(1777, '177.89.72.249', 1122, '07/06/2017 07:04:59'),
(1778, '187.40.133.170', 720562, '07/06/2017 07:15:08'),
(1779, '177.89.14.232', 721087, '07/06/2017 07:23:40'),
(1780, '177.89.8.243', 720315, '07/06/2017 07:26:56'),
(1781, '177.89.77.12', 720882, '07/06/2017 07:52:37'),
(1782, '177.89.72.249', 721424, '07/06/2017 07:55:01'),
(1783, '177.89.72.249', 721423, '07/06/2017 07:55:35'),
(1784, '177.89.72.249', 721421, '07/06/2017 07:56:19'),
(1785, '177.89.72.249', 721422, '07/06/2017 07:56:35'),
(1786, '177.89.72.249', 721426, '07/06/2017 07:56:52'),
(1787, '177.89.72.249', 720882, '07/06/2017 08:07:04'),
(1788, '177.89.72.249', 2233, '07/06/2017 08:07:16'),
(1789, '177.89.72.249', 720882, '07/06/2017 08:08:47'),
(1790, '177.89.72.249', 2233, '07/06/2017 09:16:00'),
(1791, '187.61.141.215', 720916, '07/06/2017 12:13:01'),
(1792, '177.64.200.171', 721519, '07/06/2017 12:17:56'),
(1793, '177.89.75.169', 721507, '07/06/2017 12:52:31'),
(1794, '177.89.75.169', 720972, '07/06/2017 13:07:25'),
(1795, '177.89.236.85', 720846, '07/06/2017 13:31:58'),
(1796, '177.89.236.85', 720846, '07/06/2017 13:31:58'),
(1797, '187.61.246.74', 720285, '07/06/2017 14:32:53'),
(1798, '177.89.189.53', 721508, '07/06/2017 18:27:56'),
(1799, '177.89.140.248', 721530, '07/06/2017 19:18:22'),
(1800, '191.241.40.90', 720880, '08/06/2017 21:12:12'),
(1801, '191.241.40.90', 720880, '08/06/2017 21:12:12'),
(1802, '179.190.206.78', 11, '09/06/2017 21:42:26'),
(1803, '179.190.206.78', 720880, '09/06/2017 21:43:51'),
(1804, '::1', 11, '30/05/2018 13:21:22'),
(1805, '::1', 22, '30/05/2018 13:22:16'),
(1806, '::1', 721442, '30/05/2018 13:36:02'),
(1807, '::1', 22, '30/05/2018 13:36:49'),
(1808, '::1', 22, '30/05/2018 14:20:26'),
(1809, '::1', 22, '30/05/2018 14:28:59'),
(1810, '::1', 721442, '30/05/2018 14:29:29'),
(1811, '::1', 22, '30/05/2018 14:30:00'),
(1812, '::1', 22, '30/05/2018 19:07:15'),
(1813, '::1', 11, '30/05/2018 19:07:29'),
(1814, '::1', 33, '30/05/2018 19:07:40'),
(1815, '::1', 22, '30/05/2018 19:20:09'),
(1816, '::1', 721442, '30/05/2018 19:25:37'),
(1817, '::1', 22, '30/05/2018 19:26:32'),
(1818, '::1', 22, '31/05/2018 14:41:05'),
(1819, '::1', 721442, '31/05/2018 16:40:27'),
(1820, '::1', 22, '31/05/2018 16:50:09'),
(1821, '::1', 22, '31/05/2018 22:42:18'),
(1822, '::1', 721442, '01/06/2018 00:52:50'),
(1823, '::1', 721442, '01/06/2018 00:53:39'),
(1824, '::1', 33, '01/06/2018 14:03:17'),
(1825, '::1', 22, '01/06/2018 14:11:45'),
(1826, '::1', 721442, '01/06/2018 14:34:31'),
(1827, '::1', 22, '01/06/2018 15:00:34'),
(1828, '::1', 22, '01/06/2018 15:02:57'),
(1829, '::1', 55, '01/06/2018 15:11:12'),
(1830, '::1', 55, '01/06/2018 15:11:44'),
(1831, '::1', 22, '01/06/2018 17:49:21'),
(1832, '::1', 55, '01/06/2018 19:55:20'),
(1833, '::1', 55, '01/06/2018 19:58:04'),
(1834, '::1', 55, '01/06/2018 19:58:22'),
(1835, '::1', 55, '01/06/2018 19:58:55'),
(1836, '::1', 55, '01/06/2018 19:59:49'),
(1837, '::1', 55, '01/06/2018 20:59:25'),
(1838, '::1', 22, '01/06/2018 21:24:30'),
(1839, '::1', 55, '01/06/2018 21:51:11'),
(1840, '::1', 55, '03/06/2018 15:21:56'),
(1841, '::1', 22, '03/06/2018 15:22:54'),
(1842, '::1', 55, '03/06/2018 16:02:00'),
(1843, '::1', 22, '03/06/2018 16:08:39');

-- --------------------------------------------------------

--
-- Estrutura da tabela `matricula`
--

CREATE TABLE `matricula` (
  `id_matricula` int(11) NOT NULL,
  `fk_id_usuario` int(11) NOT NULL,
  `fk_id_evento` int(11) NOT NULL
) ENGINE=InnoDB DEFAULT CHARSET=latin1;

--
-- Extraindo dados da tabela `matricula`
--

INSERT INTO `matricula` (`id_matricula`, `fk_id_usuario`, `fk_id_evento`) VALUES
(3, 443, 6),
(4, 443, 9);

-- --------------------------------------------------------

--
-- Estrutura da tabela `nivel`
--

CREATE TABLE `nivel` (
  `id_nivel` int(1) NOT NULL,
  `nome_nivel` varchar(20) NOT NULL
) ENGINE=InnoDB DEFAULT CHARSET=latin1;

--
-- Extraindo dados da tabela `nivel`
--

INSERT INTO `nivel` (`id_nivel`, `nome_nivel`) VALUES
(1, 'Fundamental 1'),
(2, 'Fundamental 2'),
(3, 'Médio'),
(4, 'Educação Infantil');

-- --------------------------------------------------------

--
-- Estrutura da tabela `turma`
--

CREATE TABLE `turma` (
  `id_turma` int(11) NOT NULL,
  `nome_turma` varchar(10) NOT NULL,
  `turno_turma` int(1) NOT NULL,
  `nivel` int(1) NOT NULL
) ENGINE=InnoDB DEFAULT CHARSET=latin1;

--
-- Extraindo dados da tabela `turma`
--

INSERT INTO `turma` (`id_turma`, `nome_turma`, `turno_turma`, `nivel`) VALUES
(1, '1º ano A', 1, 1),
(2, '1º ano B', 1, 1),
(3, '1º ano C', 1, 1),
(4, '2º ano A', 1, 1),
(5, '2º ano B', 1, 1),
(6, '2º ano C', 1, 1),
(7, '3º ano A', 1, 1),
(8, '3º ano B', 1, 1),
(9, '3º ano C', 1, 1),
(10, '4º ano A', 1, 1),
(11, '4º ano B', 1, 1),
(12, '4º ano C', 1, 1),
(13, '5º ano A', 1, 1),
(14, '5º ano B', 1, 1),
(15, '5º ano C', 1, 1),
(16, '6º ano A', 1, 2),
(17, '6º ano B', 1, 2),
(18, '6º ano C', 1, 2),
(19, '7º ano A', 1, 2),
(20, '7º ano B', 1, 2),
(21, '7º ano C', 1, 2),
(22, '8º ano A', 1, 2),
(23, '8º ano B', 1, 2),
(24, '8º ano C', 1, 2),
(25, '9º ano A', 1, 2),
(26, '9º ano B', 1, 2),
(27, '9º ano C', 1, 2),
(28, '1ª série A', 1, 3),
(29, '1ª série B', 1, 3),
(30, '1ª série C', 1, 3),
(31, '2ª série A', 1, 3),
(32, '2ª série B', 1, 3),
(33, '2ª série C', 1, 3),
(34, '3ª série A', 1, 3),
(35, '3ª série B', 1, 3),
(36, '3ª série C', 1, 3);

-- --------------------------------------------------------

--
-- Estrutura da tabela `turno`
--

CREATE TABLE `turno` (
  `id` int(1) NOT NULL,
  `nome` varchar(10) NOT NULL
) ENGINE=InnoDB DEFAULT CHARSET=latin1;

--
-- Extraindo dados da tabela `turno`
--

INSERT INTO `turno` (`id`, `nome`) VALUES
(1, 'Manhã'),
(2, 'Tarde'),
(3, 'Noite'),
(4, 'Madrugada');

-- --------------------------------------------------------

--
-- Estrutura da tabela `usuario`
--

CREATE TABLE `usuario` (
  `id_usuario` int(11) NOT NULL,
  `nome_usuario` varchar(200) NOT NULL,
  `login_usuario` int(20) NOT NULL,
  `senha_usuario` varchar(100) NOT NULL,
  `nivel_usuario` int(2) NOT NULL,
  `fk_id_turma` int(11) NOT NULL,
  `qtd_curso` int(1) NOT NULL
) ENGINE=InnoDB DEFAULT CHARSET=latin1;

--
-- Extraindo dados da tabela `usuario`
--

INSERT INTO `usuario` (`id_usuario`, `nome_usuario`, `login_usuario`, `senha_usuario`, `nivel_usuario`, `fk_id_turma`, `qtd_curso`) VALUES
(1, 'Josiel Souza', 11, '22', 1, 1, 1),
(2, 'Rosa Lúcia', 22, '22', 1, 0, 1),
(3, 'Luana Maria', 33, '22', 1, 0, 1),
(6, 'Alexia Rafaelly Mendonça Freire', 721442, 'genesis2018', 0, 1, 1),
(7, 'Alifi Gabriel Santos e Farias', 721447, 'genesis2018', 0, 6, 1),
(8, 'Amanda Gabrielle Mira Machado', 720098, 'genesis2018', 0, 6, 1),
(9, 'Amanda Kelly Borges Torquato', 721501, 'genesis2018', 0, 6, 1),
(10, 'Anna Victoria Dantas Ozéas', 721244, 'genesis2018', 0, 6, 1),
(11, 'Anny Ester Araújo Silva', 721432, 'genesis2018', 0, 6, 1),
(12, 'Arielly Beatriz Paiva do Nascimento', 720229, 'genesis2018', 0, 6, 1),
(13, 'Brenno Henrique Silva Souza', 720645, 'genesis2018', 0, 6, 1),
(14, 'Bruna Rampel Dantas', 721249, 'genesis2018', 0, 6, 1),
(15, 'Bruno Rodrigues Fonseca', 720729, 'genesis2018', 0, 6, 1),
(16, 'Camila da Silva Lopes', 720919, 'genesis2018', 0, 6, 1),
(17, 'Carlos Matheus Saraiva fernandes', 721425, 'genesis2018', 0, 6, 1),
(18, 'Cidclay Bruno Filomeno Moura de Melo', 720559, 'genesis2018', 0, 6, 1),
(19, 'Cleiton Gomes dos Santos', 720845, 'genesis2018', 0, 6, 1),
(20, 'Darlijanes Alexandrino da Silva', 721444, 'genesis2018', 0, 6, 1),
(21, 'Débora Kalianne da Costa', 720599, 'genesis2018', 0, 6, 1),
(22, 'Deborah Hadassa Costa da Fonseca', 721445, 'genesis2018', 0, 6, 1),
(23, 'Douglas Eduardo Nascimento Nantes', 721446, 'genesis2018', 0, 6, 1),
(24, 'Emilly Ferreira da Silva', 721434, 'genesis2018', 0, 6, 1),
(25, 'Fabricia Moniqui Silva da Cruz', 721436, 'genesis2018', 0, 6, 1),
(26, 'Gabriel Avelino Andrade', 721503, 'genesis2018', 0, 6, 1),
(27, 'Georgia Torres Gebien', 721431, 'genesis2018', 0, 6, 1),
(28, 'Guilherme Marques Tavares', 720100, 'genesis2018', 0, 6, 1),
(29, 'Guilherme Oliveira Souza', 721451, 'genesis2018', 0, 6, 1),
(30, 'Hecléia de Oliveira Machado', 721455, 'genesis2018', 0, 6, 1),
(31, 'Iago Sidon Gurgel Fernades', 721437, 'genesis2018', 0, 6, 1),
(32, 'Isis Fernandes Costa Andrade', 720620, 'genesis2018', 0, 6, 1),
(33, 'Issara Maria Nunes Figueiredo da Silveira', 721260, 'genesis2018', 0, 6, 1),
(34, 'Istefanie Cassemiro da Silva Bezerra', 721601, 'genesis2018', 0, 6, 1),
(35, 'Juliana Dantas Penha', 720562, 'genesis2018', 0, 6, 1),
(36, 'Jullyo Cesar Ferreira Cristiano', 721452, 'genesis2018', 0, 6, 1),
(37, 'Larissa Lopes dos Santos', 721079, 'genesis2018', 0, 6, 1),
(38, 'Laryssa Cibele Macedo de Freitas', 720110, 'genesis2018', 0, 6, 1),
(39, 'Lívia Karla Gonzaga da Silva', 720626, 'genesis2018', 0, 6, 1),
(40, 'Lucas Gabriel Mascarenhas de Paiva Lima', 720628, 'genesis2018', 0, 6, 1),
(41, 'Ludimila da Costa', 720209, 'genesis2018', 0, 6, 1),
(42, 'Luiza Carolina Marcolino Moreira', 721424, 'genesis2018', 0, 6, 1),
(43, 'Maryana de Souza Bezerra', 721243, 'genesis2018', 0, 6, 1),
(44, 'Matheus Sobrinho Carvalho', 721435, 'genesis2018', 0, 6, 1),
(45, 'Othon Lucas Gurgel Grilo', 721448, 'genesis2018', 0, 6, 1),
(46, 'Pedro Henrique Bezerra dos Santos', 720120, 'genesis2018', 0, 6, 1),
(47, 'Pedro Lucasde Lima Cunha', 721502, 'genesis2018', 0, 6, 1),
(48, 'Rainara Raquel  Lopes de Oliveira', 721438, 'genesis2018', 0, 6, 1),
(49, 'Robson de Jesus Rodrigues de Souza', 720130, 'genesis2018', 0, 6, 1),
(50, 'Rodrigo Honorato dos Santos Dantas', 721259, 'genesis2018', 0, 6, 1),
(51, 'Sarah Yazemitha de Araújo Cosme', 721426, 'genesis2018', 0, 6, 1),
(52, 'Sergio Junior Tavares Filho', 720133, 'genesis2018', 0, 6, 1),
(53, 'Thayna Renata Dionisio da Silva', 721439, 'genesis2018', 0, 6, 1),
(54, 'Willian Gabriel Galdino Medeiros', 720959, 'genesis2018', 0, 6, 1),
(55, 'Yalle Felix Cabral do Nascimento', 720218, 'genesis2018', 0, 6, 1),
(56, 'Yasmim Michelly Monteiro Pereira', 720493, 'genesis2018', 0, 6, 1),
(57, 'Allana Vicente de Souza', 720935, 'genesis2018', 0, 7, 1),
(58, 'Amanda Samuele Coelho Francisco', 721069, 'genesis2018', 0, 7, 1),
(59, 'Ana Carolina Luna Ribeiro', 721295, 'genesis2018', 0, 8, 1),
(60, 'Anna Paula Monteiro da Silva', 721293, 'genesis2018', 0, 7, 1),
(61, 'Bianca Mirelle Ferreira de Souza', 720231, 'genesis2018', 0, 7, 1),
(62, 'Eliel Akilla Fernandes de Souza', 720237, 'genesis2018', 0, 7, 1),
(63, 'Genildo Geraldo Ferreira Neto', 720848, 'genesis2018', 0, 7, 1),
(64, 'Helena Alves da Rocha Clemente', 720718, 'genesis2018', 0, 7, 1),
(65, 'Isac Pereira da Silva', 720256, 'genesis2018', 0, 7, 1),
(66, 'João Pedro Camargo Fonseca', 720987, 'genesis2018', 0, 7, 1),
(67, 'Jonathan Agostinho de Oliveira Pereira', 721323, 'genesis2018', 0, 7, 1),
(68, 'Lucas Gomes Medeiros', 721282, 'genesis2018', 0, 7, 1),
(69, 'Marcos Vinícius Queiroz de Lima', 720971, 'genesis2018', 0, 7, 1),
(70, 'Marcus Vinicius da Silva Dantas', 720265, 'genesis2018', 0, 7, 1),
(71, 'Maria Clara Mendes de Souza', 721283, 'genesis2018', 0, 7, 1),
(72, 'Mateus França  Alacantara', 721423, 'genesis2018', 0, 7, 1),
(73, 'Mattheus Fidelis dos Santos', 720961, 'genesis2018', 0, 7, 1),
(74, 'Michael Schumacher Rebouças Saraiva', 720269, 'genesis2018', 0, 7, 1),
(75, 'Monally Larissa Lima de Oliveira', 720285, 'genesis2018', 0, 7, 1),
(76, 'Natalia Oliveira Schulz', 721611, 'genesis2018', 0, 10, 1),
(77, 'Paulo Benício Andrade Guimarães', 720738, 'genesis2018', 0, 7, 1),
(78, 'Pedro Victor Xavier Campos de Almeida', 720847, 'genesis2018', 0, 7, 1),
(79, 'Rafael de Jesus Ferreira Gomes', 720274, 'genesis2018', 0, 7, 1),
(80, 'Rodrigo Soares Coutinho', 720276, 'genesis2018', 0, 7, 1),
(81, 'Taline Cristina Ferreira Gomes', 720277, 'genesis2018', 0, 7, 1),
(82, 'Vitor Adriano Borges Derio', 721316, 'genesis2018', 0, 7, 1),
(83, 'Yasmim Lima Neves de Araújo', 720754, 'genesis2018', 0, 7, 1),
(84, 'Abdon Venancio Maciel da Costa', 721284, 'genesis2018', 0, 8, 1),
(85, 'Adja Illany Felipe Marques', 721339, 'genesis2018', 0, 8, 1),
(86, 'Allyson Renner Silva Lima', 721297, 'genesis2018', 0, 8, 1),
(87, 'Ana Caroline Alves Muniz', 721294, 'genesis2018', 0, 8, 1),
(88, 'Anne Gabrielle Candido de Souza', 720228, 'genesis2018', 0, 8, 1),
(89, 'Brenda de Brito Soares', 721291, 'genesis2018', 0, 8, 1),
(90, 'Débora Oliveira da Silva', 720564, 'genesis2018', 0, 8, 1),
(91, 'Elouyse Pereira de Medeiros', 721280, 'genesis2018', 0, 8, 1),
(92, 'Ester Silva de Paiva', 720705, 'genesis2018', 0, 8, 1),
(93, 'Esther de Souza Lima', 721672, 'genesis2018', 0, 8, 1),
(94, 'Gabriel Felipe Costa  Albano', 721305, 'genesis2018', 0, 8, 1),
(95, 'Gabriel Vinicius Gomes Buarque', 721413, 'genesis2018', 0, 8, 1),
(96, 'Jefeson Coimbra Tavares Araújo', 720258, 'genesis2018', 0, 8, 1),
(97, 'João Victor Nicacio Basilio', 721303, 'genesis2018', 0, 8, 1),
(98, 'Kaio Deyvid Sousa Santos', 720441, 'genesis2018', 0, 8, 1),
(99, 'Karcio Klay Gomes Filho', 721301, 'genesis2018', 0, 8, 1),
(100, 'Ketelly Leônara da Silva Torres', 721420, 'genesis2018', 0, 8, 1),
(101, 'Laís Ribeiro da Silva', 721300, 'genesis2018', 0, 8, 1),
(102, 'Lincon Silva Felipe', 721422, 'genesis2018', 0, 8, 1),
(103, 'Lucas Barros Fernandes Carlos', 721421, 'genesis2018', 0, 8, 1),
(104, 'Marco Matheus Mira Machado', 720263, 'genesis2018', 0, 8, 1),
(105, 'Maria Eduarda da Silva Santos', 721458, 'genesis2018', 0, 8, 1),
(106, 'Marina Rocha do Nascimento Dantas', 721288, 'genesis2018', 0, 8, 1),
(107, 'Matheus Fernandes da Rocha', 721615, 'genesis2018', 0, 8, 1),
(108, 'Mylena Vitória Sales Maia dos Santos', 720756, 'genesis2018', 0, 8, 1),
(109, 'Natanael Jefferson de Aquino Santos', 721287, 'genesis2018', 0, 8, 1),
(110, 'Nayme Emely Paiva da Silva', 721318, 'genesis2018', 0, 8, 1),
(111, 'Sara Penha da Silva', 721306, 'genesis2018', 0, 8, 1),
(112, 'Vinicius Augusto Sousa dos Anjos', 721415, 'genesis2018', 0, 8, 1),
(113, 'Adriel Satiro Lins Fideuze', 720912, 'genesis2018', 0, 9, 1),
(114, 'Alessandra Ramos de Oliveira', 720976, 'genesis2018', 0, 9, 1),
(115, 'Bolival Costa de Souza Júnior', 720050, 'genesis2018', 0, 9, 1),
(116, 'Bruno Thiago Mendonça da Silva', 720286, 'genesis2018', 0, 9, 1),
(117, 'Caio Cezar Soares de Lima', 720051, 'genesis2018', 0, 9, 1),
(118, 'Carlos Eduardo Matias da Silva', 721463, 'genesis2018', 0, 9, 1),
(119, 'Diogho Gabriel Furtado Medeiros', 721417, 'genesis2018', 0, 9, 1),
(120, 'Filícia Fernandes Costa Andrade', 720654, 'genesis2018', 0, 9, 1),
(121, 'Gabriel Pessôa Fidelis', 721419, 'genesis2018', 0, 9, 1),
(122, 'Grazielle Ingred da Paz dos Santos', 721000, 'genesis2018', 0, 9, 1),
(123, 'Inara Gabriela Barreto Alves Silverio Freire', 720064, 'genesis2018', 0, 9, 1),
(124, 'Irandi Garcia de Araújo Júnior', 720292, 'genesis2018', 0, 9, 1),
(125, 'João Pedro de Carvalho Neves', 721327, 'genesis2018', 0, 9, 1),
(126, 'Julia Rampel Dantas', 721302, 'genesis2018', 0, 9, 1),
(127, 'Leandro de Souza Holanda', 720299, 'genesis2018', 0, 9, 1),
(128, 'Marcus Vinicius Vieira da Silva', 720300, 'genesis2018', 0, 9, 1),
(129, 'Maria Clara de Lima Araújo', 721307, 'genesis2018', 0, 9, 1),
(130, 'Maria Tereza Grauppe Souza', 721416, 'genesis2018', 0, 9, 1),
(131, 'Matheus de Lima Araújo', 721308, 'genesis2018', 0, 9, 1),
(132, 'Matheus Sousa da Costa', 720903, 'genesis2018', 0, 9, 1),
(133, 'Mayara de Souza Bezerra', 720910, 'genesis2018', 0, 9, 1),
(134, 'Maycon Venâncio Rocha de Souza', 720226, 'genesis2018', 0, 9, 1),
(135, 'Ozir Kennedy Pereira Fernando', 720677, 'genesis2018', 0, 9, 1),
(136, 'Pablo Henrique Moura de Paiva', 720304, 'genesis2018', 0, 9, 1),
(137, 'Paulo Gabriel Moreira Soares', 720650, 'genesis2018', 0, 9, 1),
(138, 'Rafael Dagagny Rosa', 721395, 'genesis2018', 0, 9, 1),
(139, 'Rebecca Susane Cortes Gomes', 721661, 'genesis2018', 0, 9, 1),
(140, 'Roberto de Freitas Júnior', 720314, 'genesis2018', 0, 9, 1),
(141, 'Sabrina Felix Mendes de Oliveira', 721414, 'genesis2018', 0, 9, 1),
(142, 'Samara Aline Alves do Vale', 720082, 'genesis2018', 0, 9, 1),
(143, 'Sanary Borges de Oliveira', 720899, 'genesis2018', 0, 9, 1),
(144, 'Thaís Mariana Bezerra Tavares', 720905, 'genesis2018', 0, 9, 1),
(145, 'Vinicius Barbosa de Santana', 720914, 'genesis2018', 0, 9, 1),
(146, 'Wanessa Moura Tavares', 720085, 'genesis2018', 0, 9, 1),
(147, 'Wuogualis Silvestre Lopes Júnior', 720907, 'genesis2018', 0, 9, 1),
(148, 'Alana Gabrielly Lopes da Silva', 720951, 'genesis2018', 0, 10, 1),
(149, 'Aline Sueny Alves Gomes', 720880, 'genesis2018', 0, 10, 1),
(150, 'Anna Isabelle Moreira de Mesquita Ramos', 720884, 'genesis2018', 0, 10, 1),
(151, 'Danyllo Eben Marques de Melo', 720900, 'genesis2018', 0, 10, 1),
(152, 'Eduardo Soares de Araujo Aquino', 720288, 'genesis2018', 0, 10, 1),
(153, 'Elini Vitoria Moreira do Vale', 721325, 'genesis2018', 0, 10, 1),
(154, 'Emanuel Lopes Alves', 720883, 'genesis2018', 0, 10, 1),
(155, 'Felipe Augusto Martins de Lemos', 720053, 'genesis2018', 0, 10, 1),
(156, 'Filipi Silva Alves de Lima', 720290, 'genesis2018', 0, 10, 1),
(157, 'Iasmin Tuane de Souza Vale', 720929, 'genesis2018', 0, 10, 1),
(158, 'Jéssica Caroline Dantas de Menezes', 720294, 'genesis2018', 0, 10, 1),
(159, 'João Vinícius dos Santos Gomes Araújo', 720605, 'genesis2018', 0, 10, 1),
(160, 'Laurah Beatriz Bezerra Galvão', 720298, 'genesis2018', 0, 10, 1),
(161, 'Marcos Vinicius Araújo de Oliveira', 721418, 'genesis2018', 0, 10, 1),
(162, 'Maria Eduarda de Oliveira Ramiro', 720348, 'genesis2018', 0, 10, 1),
(163, 'Maria Gabriella de Lima Dantas', 720404, 'genesis2018', 0, 10, 1),
(164, 'Maria Karolinny da Silva Dias', 720785, 'genesis2018', 0, 10, 1),
(165, 'Mateus dos Santos Alcântara', 720931, 'genesis2018', 0, 10, 1),
(166, 'Matheus Garcia Osorio', 720301, 'genesis2018', 0, 10, 1),
(167, 'Matheus Guilherme Carvalho de Moura', 720302, 'genesis2018', 0, 10, 1),
(168, 'Matheus Souza Ferreira', 720657, 'genesis2018', 0, 10, 1),
(169, 'Mércia Evilly de Moura Silva', 720909, 'genesis2018', 0, 10, 1),
(170, 'Myrelle Guimarães da Silva', 721309, 'genesis2018', 0, 10, 1),
(171, 'Nathan Telles Santos Rodrigues', 720882, 'genesis2018', 0, 10, 1),
(172, 'Neyff Matheus Nascimento dos Santos', 721464, 'genesis2018', 0, 10, 1),
(173, 'Paloma Carolyne Silva de Farias', 720766, 'genesis2018', 0, 10, 1),
(174, 'Pedro Afonso Seixo Cunha', 720535, 'genesis2018', 0, 10, 1),
(175, 'Rebeca Ellen Oliveira de Souza', 721046, 'genesis2018', 0, 10, 1),
(176, 'Sydnei Lopes de Medeiros', 720083, 'genesis2018', 0, 10, 1),
(177, 'Tayanne Gabriel Santos', 721312, 'genesis2018', 0, 10, 1),
(178, 'Thiago Dantas de Menezes', 720315, 'genesis2018', 0, 10, 1),
(179, 'Vinícius Batista de Araújo', 720651, 'genesis2018', 0, 10, 1),
(180, 'Walker Matheus Sousa de Paula', 720317, 'genesis2018', 0, 10, 1),
(181, 'Adrian Henrique de Araújo Silva Moreno', 721522, 'genesis2018', 0, 1, 1),
(182, 'Alanis Bezerra Ribeiro', 721080, 'genesis2018', 0, 1, 1),
(183, 'Ana Beatriz Mendes de Souza', 721531, 'genesis2018', 0, 1, 1),
(184, 'Ana Beatriz Santos de Oliveira', 720004, 'genesis2018', 0, 1, 1),
(185, 'Ana Gabriely Bezerra Moura da Silva', 721407, 'genesis2018', 0, 1, 1),
(186, 'Camila do Nascimento Rodrigues', 721525, 'genesis2018', 0, 1, 1),
(187, 'Clara Kamilly Campos Lima', 721255, 'genesis2018', 0, 1, 1),
(188, 'Douglas Bezerra Moura da Silva', 721408, 'genesis2018', 0, 1, 1),
(189, 'Gabriel Almeida Azevedo', 721271, 'genesis2018', 0, 1, 1),
(190, 'Gilberto Arruda de Carvalho Filho', 720807, 'genesis2018', 0, 1, 1),
(191, 'Giselle Bezerra de Lima', 721532, 'genesis2018', 0, 1, 1),
(192, 'João Victor da Silva Dantas', 721527, 'genesis2018', 0, 1, 1),
(193, 'Josyéllen Pereira da Silva', 721274, 'genesis2018', 0, 1, 1),
(194, 'kamylle Carolyne Duarte Ferreira', 721528, 'genesis2018', 0, 1, 1),
(195, 'Kayonara Thays Ferreira da Costa', 721198, 'genesis2018', 0, 1, 1),
(196, 'Márcio Eduardo Peixoto Júnior', 720016, 'genesis2018', 0, 1, 1),
(197, 'Miguel Eduardo Mafra Torres', 720707, 'genesis2018', 0, 1, 1),
(198, 'Natanael Gomes de Oliveira', 721524, 'genesis2018', 0, 1, 1),
(199, 'Rafael Henrique Alves do Vale', 721530, 'genesis2018', 0, 1, 1),
(200, 'Rodrigo Lucas Dagagny Rosa', 721396, 'genesis2018', 0, 1, 1),
(201, 'Sara Aldaryanne da Silva', 721409, 'genesis2018', 0, 1, 1),
(202, 'Thalyson Luiz Fernandes de Lima', 720968, 'genesis2018', 0, 1, 1),
(203, 'Ubiraci do NascimentoGonçalves da Silva', 721533, 'genesis2018', 0, 1, 1),
(204, 'Agata Flor Rocha', 721507, 'genesis2018', 0, 11, 1),
(205, 'Alícia Freire Vieira', 720805, 'genesis2018', 0, 11, 1),
(206, 'Ana Beatriz de Oliveira Lima', 720544, 'genesis2018', 0, 11, 1),
(207, 'Anteó Gomes Barbosa Filho', 720732, 'genesis2018', 0, 11, 1),
(208, 'Arizla Mendes de Oliveira', 721513, 'genesis2018', 0, 11, 1),
(209, 'Arthur Guilherme de Araújo Fernandes', 721518, 'genesis2018', 0, 11, 1),
(210, 'Cainã Jasiel Toscano de Morais', 721278, 'genesis2018', 0, 11, 1),
(211, 'Eduardo Marinho Queiroz', 721516, 'genesis2018', 0, 11, 1),
(212, 'Elton Alysson Barbosa de Moura', 721499, 'genesis2018', 0, 11, 1),
(213, 'Emanoel Felipe Rodrigues da Silva', 721510, 'genesis2018', 0, 11, 1),
(214, 'Emilly Beatriz de Souza Azevedo', 721257, 'genesis2018', 0, 11, 1),
(215, 'Emilly Luiza Silva de Oliveira', 721512, 'genesis2018', 0, 11, 1),
(216, 'Felipe Guilherme Souza Lemos', 721500, 'genesis2018', 0, 11, 1),
(217, 'Gabriel Jefferson Silva Basilio', 721017, 'genesis2018', 0, 11, 1),
(218, 'Giovanna Dionisio Linhares Braga', 721517, 'genesis2018', 0, 11, 1),
(219, 'Guilherme Henrique Silva Araújo', 721266, 'genesis2018', 0, 11, 1),
(220, 'Guilherme Santana Oliveira de Paula', 721515, 'genesis2018', 0, 11, 1),
(221, 'Henrique Cesar Cavalcante da Silva Filho', 721514, 'genesis2018', 0, 11, 1),
(222, 'Hirlany Hevellyn Alves Rocha', 721277, 'genesis2018', 0, 11, 1),
(223, 'Isabella Bomfim da Silva', 721272, 'genesis2018', 0, 11, 1),
(224, 'Isabelly Almeida de Carvalho', 720537, 'genesis2018', 0, 11, 1),
(225, 'João Henrique Juvencio Porto', 720762, 'genesis2018', 0, 11, 1),
(226, 'João Pedro Aguiar Pereira', 720875, 'genesis2018', 0, 11, 1),
(227, 'José Vieira de Souza Junior', 721504, 'genesis2018', 0, 11, 1),
(228, 'Kauanny Manoelly Maria Lima da Silva', 720840, 'genesis2018', 0, 11, 1),
(229, 'Larissa Fonseca de Brito', 721016, 'genesis2018', 0, 11, 1),
(230, 'Layla Balbino Maia', 721191, 'genesis2018', 0, 13, 1),
(231, 'Láylla  Marianna de Araújo Farias', 721018, 'genesis2018', 0, 11, 1),
(232, 'Letícia Sabino de Souza', 721263, 'genesis2018', 0, 11, 1),
(233, 'Maria Geovanna dos Santos Rodrigues', 721275, 'genesis2018', 0, 11, 1),
(234, 'Mariana da Silveira Cunha de Araújo', 721519, 'genesis2018', 0, 11, 1),
(235, 'Mariana Raissa Santos Machado', 721273, 'genesis2018', 0, 11, 1),
(236, 'Melissa Lopes de Mendonça', 721265, 'genesis2018', 0, 11, 1),
(237, 'Miguel Jorge dos Santos', 721506, 'genesis2018', 0, 11, 1),
(238, 'Patrycia Hellena Farias Torres', 721025, 'genesis2018', 0, 11, 1),
(239, 'Pedro Paulo Câmara de Araújo', 721511, 'genesis2018', 0, 11, 1),
(240, 'Rone Eduardo Dorneles Teixeira', 720760, 'genesis2018', 0, 11, 1),
(241, 'Vitor Gabriel do Nascimento', 721509, 'genesis2018', 0, 11, 1),
(242, 'Vitor Magno da Silva', 721180, 'genesis2018', 0, 11, 1),
(243, 'Williton Mendes de Lima', 721508, 'genesis2018', 0, 11, 1),
(244, 'Yuri Vitor da Mota', 720676, 'genesis2018', 0, 19, 1),
(245, 'Adryãn Lucas Santos', 721214, 'genesis2018', 0, 2, 1),
(246, 'Ana Júlia Rocha de Alcântara', 721194, 'genesis2018', 0, 2, 1),
(247, 'André Luiz do Nascimento', 720006, 'genesis2018', 0, 2, 1),
(248, 'Anna Júlia dos Santos Silva', 720010, 'genesis2018', 0, 2, 1),
(249, 'Daniella Carla Medeiros Coutinho', 720787, 'genesis2018', 0, 2, 1),
(250, 'Davi Gomes Pereira', 721206, 'genesis2018', 0, 2, 1),
(251, 'Dayanne Vitória Eugênia Santos', 720735, 'genesis2018', 0, 2, 1),
(252, 'Erick Lucas Santos da Silva', 721196, 'genesis2018', 0, 2, 1),
(253, 'Ester França Alcantara', 721473, 'genesis2018', 0, 2, 1),
(254, 'Gabriel Meliota', 721456, 'genesis2018', 0, 2, 1),
(255, 'Gabriela Pinheiro Ferreira', 720870, 'genesis2018', 0, 2, 1),
(256, 'Guilherme Soares de Araújo Aquino', 720710, 'genesis2018', 0, 2, 1),
(257, 'João Gabriel Lira Ramos', 721493, 'genesis2018', 0, 2, 1),
(258, 'Josué Vinicius Viana Ramos', 721227, 'genesis2018', 0, 2, 1),
(259, 'Joyce Ferreira Serafim', 721207, 'genesis2018', 0, 2, 1),
(260, 'Júlia Cristina Seixo Cunha', 720556, 'genesis2018', 0, 2, 1),
(261, 'Júlia Moura de Melo', 720799, 'genesis2018', 0, 2, 1),
(262, 'Kaio Silva Mariano', 720044, 'genesis2018', 0, 2, 1),
(263, 'Kaline Francisca do Nascimento Bezerra', 721201, 'genesis2018', 0, 2, 1),
(264, 'Layane Rayana Araujo de Sousa', 721226, 'genesis2018', 0, 2, 1),
(265, 'Luanny Evelinn de Azevedo Silva', 720641, 'genesis2018', 0, 2, 1),
(266, 'Lucas Guilherme Silva de Souza', 721205, 'genesis2018', 0, 2, 1),
(267, 'Manuela Fernanda da Silva Germano', 721216, 'genesis2018', 0, 2, 1),
(268, 'Maria Eduarda Vieira Cabral', 721084, 'genesis2018', 0, 2, 1),
(269, 'Maria Estse Bezerra da Silva', 721203, 'genesis2018', 0, 2, 1),
(270, 'Maria Fernanda Alves de Araújo', 721202, 'genesis2018', 0, 2, 1),
(271, 'Matheus Dias Leite', 721221, 'genesis2018', 0, 2, 1),
(272, 'Nathan Ferreira Andrade de Macêdo', 720555, 'genesis2018', 0, 2, 1),
(273, 'Nícolas Gabriel Torres Fernandes', 721195, 'genesis2018', 0, 2, 1),
(274, 'Otaciano Pereira da Silva', 721457, 'genesis2018', 0, 2, 1),
(275, 'Paulo Vitor da Silva Lopes', 721223, 'genesis2018', 0, 2, 1),
(276, 'Pedro Lucas Medeiros da Silva', 721041, 'genesis2018', 0, 2, 1),
(277, 'Pedro Renan Marreiro Lima', 721462, 'genesis2018', 0, 2, 1),
(278, 'Pedro Victor  Barbosa de Medeiros', 721279, 'genesis2018', 0, 2, 1),
(279, 'Shaday Cardoso do Nascimento', 721199, 'genesis2018', 0, 2, 1),
(280, 'Stefany Letícia Azevedo da Silva', 721220, 'genesis2018', 0, 2, 1),
(281, 'Susan Marinho Espíndola', 721087, 'genesis2018', 0, 2, 1),
(282, 'Tarcisio de Melo Neto', 720896, 'genesis2018', 0, 2, 1),
(283, 'Yasmin Camargo Tavares', 720957, 'genesis2018', 0, 2, 1),
(284, 'Andriê de Lima Silva', 721178, 'genesis2018', 0, 12, 1),
(285, 'Breno Kaylan Barbosa Santos', 721535, 'genesis2018', 0, 12, 1),
(286, 'Davi de Oliveira Santos', 721319, 'genesis2018', 0, 12, 1),
(287, 'Ellen Cristina da Silva', 721591, 'genesis2018', 0, 12, 1),
(288, 'Emille Yasmin de Andrade', 721176, 'genesis2018', 0, 12, 1),
(289, 'Emily Caroline Santiago', 721183, 'genesis2018', 0, 12, 1),
(290, 'Gabriele Santiago de Sousa', 721177, 'genesis2018', 0, 12, 1),
(291, 'Guilherme Augusto Bandeira do Nascimento Coutinho', 721172, 'genesis2018', 0, 12, 1),
(292, 'Helio Cosme da Silva Sobrinho', 721538, 'genesis2018', 0, 12, 1),
(293, 'Izabele Garcia de Araújo', 720014, 'genesis2018', 0, 12, 1),
(294, 'Jeyslla Lailanne Vieira Lobato', 721189, 'genesis2018', 0, 12, 1),
(295, 'José Henrique de Souza Guimarães', 721340, 'genesis2018', 0, 12, 1),
(296, 'José Tiago Bezerra Diniz', 721540, 'genesis2018', 0, 12, 1),
(297, 'Karine Evelyn da Silva Costa', 720765, 'genesis2018', 0, 12, 1),
(298, 'Laryssa Raphaella de Melo Guimarães', 721526, 'genesis2018', 0, 12, 1),
(299, 'Maria Clara Albuquerque Diniz Rio', 721331, 'genesis2018', 0, 12, 1),
(300, 'Maria Luiza Alves Dantas', 721371, 'genesis2018', 0, 12, 1),
(301, 'Murilo Henrique Soares Ferreira', 720032, 'genesis2018', 0, 12, 1),
(302, 'Pedro Henrique de Sousa Azevedo', 721181, 'genesis2018', 0, 12, 1),
(303, 'Pedro Matheus Xavier da Silva', 720944, 'genesis2018', 0, 12, 1),
(304, 'Rianny Gabrielli Costa do Nascimento', 721174, 'genesis2018', 0, 12, 1),
(305, 'Samuel Alexandre de Brito Filho', 721175, 'genesis2018', 0, 12, 1),
(306, 'Vinicius Caua Soares Fonseca', 721040, 'genesis2018', 0, 12, 1),
(307, 'Vitória Cristina Barroso Cavalcante de Albuquerque Silva', 721033, 'genesis2018', 0, 12, 1),
(308, 'Weslley Morais Costa', 720588, 'genesis2018', 0, 12, 1),
(309, 'Wisllane Caroliny Barbosa Trindade', 720344, 'genesis2018', 0, 12, 1),
(310, 'Yasmin Dantas Medeiros', 721333, 'genesis2018', 0, 12, 1),
(311, 'Alice Oliveira Benfica Barros', 721573, 'genesis2018', 0, 3, 1),
(312, 'Ana Yara de Souza Lima', 721030, 'genesis2018', 0, 3, 1),
(313, 'Arianny Renata Paiva do Nascimento', 720019, 'genesis2018', 0, 3, 1),
(314, 'Claudio Bento da Silva Júnior', 720786, 'genesis2018', 0, 3, 1),
(315, 'Eduarda Gabriela de Oliveira Neves', 721450, 'genesis2018', 0, 3, 1),
(316, 'Estéfanny Pereira de Medeiros', 720877, 'genesis2018', 0, 3, 1),
(317, 'Everton Carlos Brito Alves', 721089, 'genesis2018', 0, 3, 1),
(318, 'Fernanda Florentino de Araujo', 721228, 'genesis2018', 0, 3, 1),
(319, 'Gabriel Andrade Sousa', 720740, 'genesis2018', 0, 3, 1),
(320, 'Guilherme Augusto de Oliveira Silva', 721564, 'genesis2018', 0, 3, 1),
(321, 'Isabele Camily de Souza Moreira', 720025, 'genesis2018', 0, 3, 1),
(322, 'Islana Maria Nunes Figueiredo da Silveira', 721233, 'genesis2018', 0, 3, 1),
(323, 'Izayane Regis Gomes', 721234, 'genesis2018', 0, 3, 1),
(324, 'Jedson Justino de Macedo', 721572, 'genesis2018', 0, 3, 1),
(325, 'José Antonio de Araújo Júnior', 720346, 'genesis2018', 0, 3, 1),
(326, 'Juliana Silva Pereira', 720942, 'genesis2018', 0, 3, 1),
(327, 'Kamilly Castro Brito', 720695, 'genesis2018', 0, 3, 1),
(328, 'Kaylane de Medeiros Silva', 721570, 'genesis2018', 0, 3, 1),
(329, 'Lara Beatriz Melo Soares', 721567, 'genesis2018', 0, 3, 1),
(330, 'Laryssa Xavier Sena Filgueira de Oliveira', 720852, 'genesis2018', 0, 3, 1),
(331, 'Layane Camile Macedo de Freitas', 720027, 'genesis2018', 0, 3, 1),
(332, 'Lucas Dionisio de Oliveira Carvalho', 721566, 'genesis2018', 0, 3, 1),
(333, 'Lucas Matheus de Lima Guedes', 720990, 'genesis2018', 0, 3, 1),
(334, 'Luiz Eduardo da Silva Rocha', 720028, 'genesis2018', 0, 3, 1),
(335, 'Marcus Vinícius Cadete Spencer Chaves', 721561, 'genesis2018', 0, 3, 1),
(336, 'Maria Tereza Abdias dos Santos Barbosa Cardoso', 720963, 'genesis2018', 0, 3, 1),
(337, 'Maria Vitória da Silva Dias', 720784, 'genesis2018', 0, 3, 1),
(338, 'Maxwell do Nascimento Teixeira', 721569, 'genesis2018', 0, 3, 1),
(339, 'Melquias de Andrade Alves', 721232, 'genesis2018', 0, 3, 1),
(340, 'Nívia Maria Santos Rodrigues', 720734, 'genesis2018', 0, 3, 1),
(341, 'Pablo Ketes Santos', 721412, 'genesis2018', 0, 3, 1),
(342, 'Paulo Daniel Nunes Fidelis', 721563, 'genesis2018', 0, 3, 1),
(343, 'Rayhure Lucas Martins dos Santos', 721565, 'genesis2018', 0, 3, 1),
(344, 'Suzana Salete Pinto Oliveira', 720097, 'genesis2018', 0, 3, 1),
(345, 'Victória Pessoa de Castro', 721211, 'genesis2018', 0, 3, 1),
(346, 'Vitor Gabriel de Medeiros Alves', 721571, 'genesis2018', 0, 3, 1),
(347, 'Vitor Hugo Monteiro Pereira', 720059, 'genesis2018', 0, 3, 1),
(348, 'Wila Vieira de Oliveira', 721568, 'genesis2018', 0, 3, 1),
(349, 'Abner de Sousa Santos', 721521, 'genesis2018', 0, 13, 1),
(350, 'Arthur Emanuel Souza Cassiano da Costa', 721210, 'genesis2018', 0, 13, 1),
(351, 'Brenda Roberta Silva de Oliveira', 720972, 'genesis2018', 0, 13, 1),
(352, 'Caio Lucas da Costa Carvalho Bezerra', 720162, 'genesis2018', 0, 13, 1),
(353, 'Celeste Filgueiras Balderramas', 720021, 'genesis2018', 0, 13, 1),
(354, 'Gabriel Alves Gomes', 720023, 'genesis2018', 0, 13, 1),
(355, 'Guilherme de Lima e Silva Ferreira', 720889, 'genesis2018', 0, 13, 1),
(356, 'Herbert Silva Mariano', 720200, 'genesis2018', 0, 13, 1),
(357, 'Hilbert Denvesson do Nascimento Santos', 720854, 'genesis2018', 0, 13, 1),
(358, 'Iggor Augusto Costa Silva', 720890, 'genesis2018', 0, 13, 1),
(359, 'Jadson Samuel Alves Freire', 721212, 'genesis2018', 0, 13, 1),
(360, 'Jamili Tavares de Souza', 720533, 'genesis2018', 0, 13, 1),
(361, 'Júlia Gabriela Pinheiro da Silva', 720995, 'genesis2018', 0, 13, 1),
(362, 'Kauan Pedro da Silva', 720943, 'genesis2018', 0, 13, 1),
(363, 'Kellyane da Rocha Balduino', 721052, 'genesis2018', 0, 13, 1),
(364, 'Larissa Bicharra Galdino', 720026, 'genesis2018', 0, 13, 1),
(365, 'Lucas Magno Barbosa da Silva', 721453, 'genesis2018', 0, 13, 1),
(366, 'Luiz Felipe Lucena de Lima', 721454, 'genesis2018', 0, 13, 1),
(367, 'Paulo Baruky Cortez de Queiroz Lima', 721049, 'genesis2018', 0, 13, 1),
(368, 'Rayrlla Silva Pessoa', 721213, 'genesis2018', 0, 13, 1),
(369, 'Rebeca Nídia e Silva Fernandes Peixoto', 721461, 'genesis2018', 0, 13, 1),
(370, 'Rodrigo Machado Martins de Lima', 721465, 'genesis2018', 0, 13, 1),
(371, 'Vinnícius Gabriel Vieira da Silva', 720873, 'genesis2018', 0, 13, 1),
(372, 'Alberto Lucas Silva Dias', 721520, 'genesis2018', 0, 4, 1),
(373, 'Amanda Gabriella Souza de Paiva', 720816, 'genesis2018', 0, 4, 1),
(374, 'Ana Gabriela da Silva Germano', 720700, 'genesis2018', 0, 4, 1),
(375, 'Ana Lidia Gonçalves Varela Barca', 721070, 'genesis2018', 0, 4, 1),
(376, 'Anna Beatriz Menezes Peixoto', 720161, 'genesis2018', 0, 4, 1),
(377, 'Beatriz Aparecida Aguiar de Oliveira', 721433, 'genesis2018', 0, 4, 1),
(378, 'Biatriz Silvestre dos Santos', 720190, 'genesis2018', 0, 4, 1),
(379, 'Camyla Ferreira Lins da Silva', 721252, 'genesis2018', 0, 4, 1),
(380, 'Caroline Nascimento dos Santos', 720235, 'genesis2018', 0, 4, 1),
(381, 'Cecilia Vitoria da Silva Alvaro', 720998, 'genesis2018', 0, 4, 1),
(382, 'Estter Ákisa Fernandes de Sousa', 720040, 'genesis2018', 0, 4, 1),
(383, 'Fabricio Marcio Silva da Cruz', 721428, 'genesis2018', 0, 4, 1),
(384, 'Gabriel Dantas de Menezes', 720246, 'genesis2018', 0, 4, 1),
(385, 'Jéssyca Alicia dos Santos Nascimento', 720614, 'genesis2018', 0, 4, 1),
(386, 'José Ewerton Dias Rodrigues', 721429, 'genesis2018', 0, 7, 1),
(387, 'Letícia Ingrid da Rocha Pinheiro', 720046, 'genesis2018', 0, 4, 1),
(388, 'Lorena Targino dos Santos', 720207, 'genesis2018', 0, 4, 1),
(389, 'Maria Alice da Costa Pacheco', 720874, 'genesis2018', 0, 4, 1),
(390, 'Maria Luiza Azevedo de França', 721459, 'genesis2018', 0, 4, 1),
(391, 'Pablo Vinicius Leal Lima', 720892, 'genesis2018', 0, 4, 1),
(392, 'Pedro de Alcantara Alves Lopes Neto', 721055, 'genesis2018', 0, 4, 1),
(393, 'Pedro Felipe de Souza Leiros', 720214, 'genesis2018', 0, 4, 1),
(394, 'Pedro Henrique de Farias Pontes', 721050, 'genesis2018', 0, 4, 1),
(395, 'Renata Garcia Ferreira de Araújo', 720185, 'genesis2018', 0, 4, 1),
(396, 'Thays Alycia de Souza', 720488, 'genesis2018', 0, 4, 1),
(397, 'Thiago Anderson Mendes da Silva', 721268, 'genesis2018', 0, 4, 1),
(398, 'Wanessa Rebeca Caldas do Nascimento', 721449, 'genesis2018', 0, 4, 1),
(399, 'Adilson Fiares de Sousa Neto', 720996, 'genesis2018', 0, 5, 1),
(400, 'Alvaro Arthur de Oliveira', 720833, 'genesis2018', 0, 5, 1),
(401, 'Amanda karolyne  Torres Barbosa', 720719, 'genesis2018', 0, 5, 1),
(402, 'Amanda Vicente de Souza', 720918, 'genesis2018', 0, 5, 1),
(403, 'Arthur Gabriel Adriano da Silva', 721427, 'genesis2018', 0, 5, 1),
(404, 'Camila Fernanda Cardoso Teixeira', 720584, 'genesis2018', 0, 5, 1),
(405, 'Carlos Adriano Nunes de Araujo', 721441, 'genesis2018', 0, 5, 1),
(406, 'Cinthia Gomes dos Santos', 720846, 'genesis2018', 0, 5, 1),
(407, 'Eldon Kennedy Pereira Fernando', 721254, 'genesis2018', 0, 5, 1),
(408, 'Fellipe Fidelis dos Santos', 721239, 'genesis2018', 0, 5, 1),
(409, 'Gabriel Braz Aguiar Mendes', 720198, 'genesis2018', 0, 5, 1),
(410, 'Gisele Karollayne Gois de Oliveira', 721430, 'genesis2018', 0, 5, 1),
(411, 'Hanna Sarah Rocha das Chagas', 720725, 'genesis2018', 0, 5, 1),
(412, 'Heloísa Soares de Souza Brandão', 721061, 'genesis2018', 0, 5, 1),
(413, 'Hendhersonn da Silva Lima', 721269, 'genesis2018', 0, 5, 1),
(414, 'Jadson Alves de Oliveira', 721440, 'genesis2018', 0, 5, 1),
(415, 'Karla Stephany Fernandes Vidal', 720045, 'genesis2018', 0, 5, 1),
(416, 'Kleberson Pinheiro Silva', 720368, 'genesis2018', 0, 5, 1),
(417, 'Lucas Fernandes de Farias Miranda', 720739, 'genesis2018', 0, 5, 1),
(418, 'Marcos Davi de Moura Silva', 720933, 'genesis2018', 0, 5, 1),
(419, 'Márlan de Oliveira Gurgel', 720916, 'genesis2018', 0, 5, 1),
(420, 'Paulo Vinicius de Oliveira', 721680, 'genesis2018', 0, 5, 1),
(421, 'Pedro Ramirez da Costa', 720485, 'genesis2018', 0, 5, 1),
(422, 'Rafaela Luís de Moura Soares', 720724, 'genesis2018', 0, 5, 1),
(423, 'Samuel Victor Ferreira Pinto', 720510, 'genesis2018', 0, 5, 1),
(424, 'Sara Letícia Silva de Oliveira', 720132, 'genesis2018', 0, 5, 1),
(425, 'Sherystony Caiana Medeiros de Souza', 721286, 'genesis2018', 0, 5, 1),
(426, 'Thais Mayanny Lima Martins', 721460, 'genesis2018', 0, 5, 1),
(427, 'Vitória Laisa Avelino de Carvalho', 721241, 'genesis2018', 0, 5, 1),
(428, 'Amissis Victoria Gomes Santos', 721237, 'genesis2018', 0, 14, 1),
(429, 'Ana Letícia de Abreu Costa', 721398, 'genesis2018', 0, 14, 1),
(430, 'Ana Lívia Araújo Pessoa', 720741, 'genesis2018', 0, 14, 1),
(431, 'Beatriz Gomes do Nascimento Farias', 721236, 'genesis2018', 0, 14, 1),
(432, 'Felipe Eduardo Gomes Vieira', 720041, 'genesis2018', 0, 14, 1),
(433, 'Jarlysson Klestom Rodrigues Dantas dos Santos', 721443, 'genesis2018', 0, 5, 1),
(434, 'Jhenyffer Alves Acioli', 720836, 'genesis2018', 0, 14, 1),
(435, 'Kael Marlon Leite de Lima', 721240, 'genesis2018', 0, 14, 1),
(436, 'Maria Juliana de Souza Sena', 721235, 'genesis2018', 0, 14, 1),
(437, 'Nalyson Bezerra Marques da Silva', 721262, 'genesis2018', 0, 14, 1),
(438, 'Nycolas Henrique da Silva Nascimento', 720184, 'genesis2018', 0, 14, 1),
(439, 'Pétala Souza Matta', 721238, 'genesis2018', 0, 14, 1),
(440, 'Ranicelly Paulino de Souza', 720576, 'genesis2018', 0, 14, 1),
(441, 'Rebecca Sonália Dantas de Sousa', 720752, 'genesis2018', 0, 14, 1),
(442, 'Ana Clara de Oliveira (ouvinte)', 72000, 'genesis2018', 0, 8, 1),
(443, 'Josiel Aluno', 55, '22', 0, 1, 1);

--
-- Indexes for dumped tables
--

--
-- Indexes for table `atividade`
--
ALTER TABLE `atividade`
  ADD PRIMARY KEY (`id`);

--
-- Indexes for table `curso_turma`
--
ALTER TABLE `curso_turma`
  ADD PRIMARY KEY (`id_curso_turma`);

--
-- Indexes for table `evento`
--
ALTER TABLE `evento`
  ADD PRIMARY KEY (`id_evento`);

--
-- Indexes for table `horario`
--
ALTER TABLE `horario`
  ADD PRIMARY KEY (`id_horario`),
  ADD KEY `turno` (`turno`);

--
-- Indexes for table `log`
--
ALTER TABLE `log`
  ADD PRIMARY KEY (`id_log`);

--
-- Indexes for table `matricula`
--
ALTER TABLE `matricula`
  ADD PRIMARY KEY (`id_matricula`);

--
-- Indexes for table `nivel`
--
ALTER TABLE `nivel`
  ADD PRIMARY KEY (`id_nivel`);

--
-- Indexes for table `turma`
--
ALTER TABLE `turma`
  ADD PRIMARY KEY (`id_turma`),
  ADD KEY `turno_turma` (`turno_turma`);

--
-- Indexes for table `turno`
--
ALTER TABLE `turno`
  ADD PRIMARY KEY (`id`);

--
-- Indexes for table `usuario`
--
ALTER TABLE `usuario`
  ADD PRIMARY KEY (`id_usuario`);

--
-- AUTO_INCREMENT for dumped tables
--

--
-- AUTO_INCREMENT for table `atividade`
--
ALTER TABLE `atividade`
  MODIFY `id` int(3) NOT NULL AUTO_INCREMENT, AUTO_INCREMENT=15;

--
-- AUTO_INCREMENT for table `curso_turma`
--
ALTER TABLE `curso_turma`
  MODIFY `id_curso_turma` int(11) NOT NULL AUTO_INCREMENT, AUTO_INCREMENT=34;

--
-- AUTO_INCREMENT for table `evento`
--
ALTER TABLE `evento`
  MODIFY `id_evento` int(11) NOT NULL AUTO_INCREMENT, AUTO_INCREMENT=10;

--
-- AUTO_INCREMENT for table `horario`
--
ALTER TABLE `horario`
  MODIFY `id_horario` int(11) NOT NULL AUTO_INCREMENT, AUTO_INCREMENT=15;

--
-- AUTO_INCREMENT for table `log`
--
ALTER TABLE `log`
  MODIFY `id_log` int(11) NOT NULL AUTO_INCREMENT, AUTO_INCREMENT=1844;

--
-- AUTO_INCREMENT for table `matricula`
--
ALTER TABLE `matricula`
  MODIFY `id_matricula` int(11) NOT NULL AUTO_INCREMENT, AUTO_INCREMENT=5;

--
-- AUTO_INCREMENT for table `nivel`
--
ALTER TABLE `nivel`
  MODIFY `id_nivel` int(1) NOT NULL AUTO_INCREMENT, AUTO_INCREMENT=5;

--
-- AUTO_INCREMENT for table `turma`
--
ALTER TABLE `turma`
  MODIFY `id_turma` int(11) NOT NULL AUTO_INCREMENT, AUTO_INCREMENT=37;

--
-- AUTO_INCREMENT for table `turno`
--
ALTER TABLE `turno`
  MODIFY `id` int(1) NOT NULL AUTO_INCREMENT, AUTO_INCREMENT=5;

--
-- AUTO_INCREMENT for table `usuario`
--
ALTER TABLE `usuario`
  MODIFY `id_usuario` int(11) NOT NULL AUTO_INCREMENT, AUTO_INCREMENT=444;

--
-- Constraints for dumped tables
--

--
-- Limitadores para a tabela `horario`
--
ALTER TABLE `horario`
  ADD CONSTRAINT `horario_ibfk_1` FOREIGN KEY (`turno`) REFERENCES `turno` (`id`) ON DELETE CASCADE ON UPDATE CASCADE;

--
-- Limitadores para a tabela `turma`
--
ALTER TABLE `turma`
  ADD CONSTRAINT `turma_ibfk_1` FOREIGN KEY (`turno_turma`) REFERENCES `turno` (`id`) ON DELETE CASCADE ON UPDATE CASCADE;
COMMIT;

/*!40101 SET CHARACTER_SET_CLIENT=@OLD_CHARACTER_SET_CLIENT */;
/*!40101 SET CHARACTER_SET_RESULTS=@OLD_CHARACTER_SET_RESULTS */;
/*!40101 SET COLLATION_CONNECTION=@OLD_COLLATION_CONNECTION */;
